Day,Ad Name,Ad Set Name,Campaign Name,Impressions,Link Clicks,Amount Spent,Results,クリエイティブ名,広告文名,リンク先名,4週間前の開始日,2週間前の開始日,1週間前の開始日,終了日
2025-09-01,banner030_TD001_1080×1080_リード獲得,AT_IT_リード獲得,媒体ALL_性別男性_リード獲得 - コピー,438,5,1315,,banner030,TD001,リード獲得,2025-09-01,2026-03-13,2026-03-20,3/26
2025-09-01,banner044_TD001_1080x1350_リード獲得,AT_IT_リード獲得,媒体ALL_性別男性_リード獲得 - コピー,128,,476,,banner044,TD001,リード獲得,,,,
2025-09-01,banner040_TD001_1080x1350_リード獲得,AT_IT_リード獲得,媒体ALL_性別男性_リード獲得 - コピー,849,7,2023,,banner040,TD001,リード獲得,,,,
2025-09-01,banner045_TD001_1080x1350_リード獲得,AT_IT_リード獲得,媒体ALL_性別男性_リード獲得 - コピー,4161,22,11341,,banner045,TD001,リード獲得,,,,
2025-09-01,banner043_TD001_1080x1350_リード獲得,AT_IT_リード獲得,媒体ALL_性別男性_リード獲得 - コピー,126,1,311,,banner043,TD001,リード獲得,,,,
2025-09-01,banner015_TD001_1080×1080_リード獲得,AT_IT_リード獲得,媒体ALL_性別男性_リード獲得 - コピー,349,1,875,,banner015,TD001,リード獲得,,,,
2025-09-02,banner015_TD001_1080×1080_リード獲得,AT_IT_リード獲得,媒体ALL_性別男性_リード獲得 - コピー,389,1,734,,banner015,TD001,リード獲得,,,,
2025-09-02,banner030_TD001_1080×1080_リード獲得,AT_IT_リード獲得,媒体ALL_性別男性_リード獲得 - コピー,775,6,2776,1,banner030,TD001,リード獲得,,,,
2025-09-02,banner040_TD001_1080x1350_リード獲得,AT_IT_リード獲得,媒体ALL_性別男性_リード獲得 - コピー,1099,3,2653,,banner040,TD001,リード獲得,,,,
2025-09-02,banner045_TD001_1080x1350_リード獲得,AT_IT_リード獲得,媒体ALL_性別男性_リード獲得 - コピー,2778,12,8205,1,banner045,TD001,リード獲得,,,,
2025-09-02,banner043_TD001_1080x1350_リード獲得,AT_IT_リード獲得,媒体ALL_性別男性_リード獲得 - コピー,75,,556,,banner043,TD001,リード獲得,,,,
2025-09-02,banner044_TD001_1080x1350_リード獲得,AT_IT_リード獲得,媒体ALL_性別男性_リード獲得 - コピー,81,,965,,banner044,TD001,リード獲得,,,,
2025-09-03,banner040_TD001_1080x1350_リード獲得,AT_IT_リード獲得,媒体ALL_性別男性_リード獲得 - コピー,1296,6,2792,,banner040,TD001,リード獲得,,,,
2025-09-03,banner015_TD001_1080×1080_リード獲得,AT_IT_リード獲得,媒体ALL_性別男性_リード獲得 - コピー,436,3,1248,,banner015,TD001,リード獲得,,,,
2025-09-03,banner030_TD001_1080×1080_リード獲得,AT_IT_リード獲得,媒体ALL_性別男性_リード獲得 - コピー,1100,10,3846,,banner030,TD001,リード獲得,,,,
2025-09-03,banner045_TD001_1080x1350_リード獲得,AT_IT_リード獲得,媒体ALL_性別男性_リード獲得 - コピー,3302,17,10665,1,banner045,TD001,リード獲得,,,,
2025-09-04,banner045_TD001_1080x1350_リード獲得,AT_IT_リード獲得,媒体ALL_性別男性_リード獲得 - コピー,3064,20,11673,,banner045,TD001,リード獲得,,,,
2025-09-04,banner015_TD001_1080×1080_リード獲得,AT_IT_リード獲得,媒体ALL_性別男性_リード獲得 - コピー,483,4,2091,,banner015,TD001,リード獲得,,,,
2025-09-04,banner030_TD001_1080×1080_リード獲得,AT_IT_リード獲得,媒体ALL_性別男性_リード獲得 - コピー,1081,10,3337,,banner030,TD001,リード獲得,,,,
2025-09-04,banner040_TD001_1080x1350_リード獲得,AT_IT_リード獲得,媒体ALL_性別男性_リード獲得 - コピー,1479,9,4428,,banner040,TD001,リード獲得,,,,
2025-09-05,banner030_TD001_1080×1080_リード獲得,AT_IT_リード獲得,媒体ALL_性別男性_リード獲得 - コピー,1010,11,4199,,banner030,TD001,リード獲得,,,,
2025-09-05,banner040_TD001_1080x1350_リード獲得,AT_IT_リード獲得,媒体ALL_性別男性_リード獲得 - コピー,2114,22,6862,,banner040,TD001,リード獲得,,,,
2025-09-05,banner015_TD001_1080×1080_リード獲得,AT_IT_リード獲得,媒体ALL_性別男性_リード獲得 - コピー,604,7,2867,1,banner015,TD001,リード獲得,,,,
2025-09-05,banner045_TD001_1080x1350_リード獲得,AT_IT_リード獲得,媒体ALL_性別男性_リード獲得 - コピー,1944,29,8896,2,banner045,TD001,リード獲得,,,,
2025-09-06,banner040_TD001_1080x1350_リード獲得,AT_IT_リード獲得,媒体ALL_性別男性_リード獲得 - コピー,2692,20,6234,1,banner040,TD001,リード獲得,,,,
2025-09-06,banner045_TD001_1080x1350_リード獲得,AT_IT_リード獲得,媒体ALL_性別男性_リード獲得 - コピー,2147,21,8945,2,banner045,TD001,リード獲得,,,,
2025-09-06,banner015_TD001_1080×1080_リード獲得,AT_IT_リード獲得,媒体ALL_性別男性_リード獲得 - コピー,855,4,3481,,banner015,TD001,リード獲得,,,,
2025-09-06,banner030_TD001_1080×1080_リード獲得,AT_IT_リード獲得,媒体ALL_性別男性_リード獲得 - コピー,1280,12,5021,,banner030,TD001,リード獲得,,,,
2025-09-07,banner015_TD001_1080×1080_リード獲得,AT_IT_リード獲得,媒体ALL_性別男性_リード獲得 - コピー,1389,8,4966,,banner015,TD001,リード獲得,,,,
2025-09-07,banner030_TD001_1080×1080_リード獲得,AT_IT_リード獲得,媒体ALL_性別男性_リード獲得 - コピー,2465,21,9663,,banner030,TD001,リード獲得,,,,
2025-09-07,banner040_TD001_1080x1350_リード獲得,AT_IT_リード獲得,媒体ALL_性別男性_リード獲得 - コピー,3976,36,10921,1,banner040,TD001,リード獲得,,,,
2025-09-08,banner015_TD001_1080×1080_リード獲得,AT_IT_リード獲得,媒体ALL_性別男性_リード獲得 - コピー,1236,5,4846,2,banner015,TD001,リード獲得,,,,
2025-09-08,banner030_TD001_1080×1080_リード獲得,AT_IT_リード獲得,媒体ALL_性別男性_リード獲得 - コピー,2218,13,7652,,banner030,TD001,リード獲得,,,,
2025-09-08,banner040_TD001_1080x1350_リード獲得,AT_IT_リード獲得,媒体ALL_性別男性_リード獲得 - コピー,3560,22,10348,1,banner040,TD001,リード獲得,,,,
2025-09-09,banner015_TD001_1080×1080_リード獲得,AT_IT_リード獲得,媒体ALL_性別男性_リード獲得 - コピー,1351,11,6297,,banner015,TD001,リード獲得,,,,
2025-09-09,banner030_TD001_1080×1080_リード獲得,AT_IT_リード獲得,媒体ALL_性別男性_リード獲得 - コピー,2071,19,7689,,banner030,TD001,リード獲得,,,,
2025-09-09,banner040_TD001_1080x1350_リード獲得,AT_IT_リード獲得,媒体ALL_性別男性_リード獲得 - コピー,3039,12,10419,1,banner040,TD001,リード獲得,,,,
2025-09-10,banner015_TD001_1080×1080_リード獲得,AT_IT_リード獲得,媒体ALL_性別男性_リード獲得 - コピー,797,4,4356,1,banner015,TD001,リード獲得,,,,
2025-09-10,banner030_TD001_1080×1080_リード獲得,AT_IT_リード獲得,媒体ALL_性別男性_リード獲得 - コピー,2138,12,8092,1,banner030,TD001,リード獲得,,,,
2025-09-10,banner040_TD001_1080x1350_リード獲得,AT_IT_リード獲得,媒体ALL_性別男性_リード獲得 - コピー,3764,25,11884,,banner040,TD001,リード獲得,,,,
2025-09-11,banner040_TD001_1080x1350_リード獲得,AT_IT_リード獲得,媒体ALL_性別男性_リード獲得 - コピー,3457,29,10603,2,banner040,TD001,リード獲得,,,,
2025-09-11,banner030_TD001_1080×1080_リード獲得,AT_IT_リード獲得,媒体ALL_性別男性_リード獲得 - コピー,2876,23,11196,2,banner030,TD001,リード獲得,,,,
2025-09-11,banner015_TD001_1080×1080_リード獲得,AT_IT_リード獲得,媒体ALL_性別男性_リード獲得 - コピー,1057,7,4779,,banner015,TD001,リード獲得,,,,
2025-09-16,banner040_TD001_1080x1350_リード獲得,AT_IT_リード獲得,媒体ALL_性別男性_リード獲得 - コピー,3424,19,7699,,banner040,TD001,リード獲得,,,,
2025-09-16,banner025_TD001_1080×1080_リード獲得,AT_IT_リード獲得,媒体ALL_性別男性_リード獲得 - コピー,2055,14,7385,,banner025,TD001,リード獲得,,,,
2025-09-16,banner015_TD001_1080×1080_リード獲得,AT_IT_リード獲得,媒体ALL_性別男性_リード獲得 - コピー,683,10,2505,,banner015,TD001,リード獲得,,,,
2025-09-16,banner020_TD001_1080×1080_リード獲得,AT_IT_リード獲得,媒体ALL_性別男性_リード獲得 - コピー,470,1,1705,,banner020,TD001,リード獲得,,,,
2025-09-16,banner030_TD001_1080×1080_リード獲得,AT_IT_リード獲得,媒体ALL_性別男性_リード獲得 - コピー,2660,17,9673,,banner030,TD001,リード獲得,,,,
2025-09-17,banner015_TD001_1080×1080_リード獲得,AT_IT_リード獲得,媒体ALL_性別男性_リード獲得 - コピー,1210,7,4022,,banner015,TD001,リード獲得,,,,
2025-09-17,banner020_TD001_1080×1080_リード獲得,AT_IT_リード獲得,媒体ALL_性別男性_リード獲得 - コピー,857,2,2833,,banner020,TD001,リード獲得,,,,
2025-09-17,banner025_TD001_1080×1080_リード獲得,AT_IT_リード獲得,媒体ALL_性別男性_リード獲得 - コピー,3047,32,12955,,banner025,TD001,リード獲得,,,,
2025-09-17,banner030_TD001_1080×1080_リード獲得,AT_IT_リード獲得,媒体ALL_性別男性_リード獲得 - コピー,1179,14,5261,,banner030,TD001,リード獲得,,,,
2025-09-17,banner040_TD001_1080x1350_リード獲得,AT_IT_リード獲得,媒体ALL_性別男性_リード獲得 - コピー,1551,7,3874,,banner040,TD001,リード獲得,,,,
2025-09-18,banner030_TD001_1080×1080_リード獲得,AT_IT_リード獲得,媒体ALL_性別男性_リード獲得 - コピー,786,11,4459,,banner030,TD001,リード獲得,,,,
2025-09-18,banner040_TD001_1080x1350_リード獲得,AT_IT_リード獲得,媒体ALL_性別男性_リード獲得 - コピー,781,1,2182,,banner040,TD001,リード獲得,,,,
2025-09-18,banner025_TD001_1080×1080_リード獲得,AT_IT_リード獲得,媒体ALL_性別男性_リード獲得 - コピー,4434,32,17336,2,banner025,TD001,リード獲得,,,,
2025-09-18,banner020_TD001_1080×1080_リード獲得,AT_IT_リード獲得,媒体ALL_性別男性_リード獲得 - コピー,691,7,2730,,banner020,TD001,リード獲得,,,,
2025-09-18,banner015_TD001_1080×1080_リード獲得,AT_IT_リード獲得,媒体ALL_性別男性_リード獲得 - コピー,486,3,2421,,banner015,TD001,リード獲得,,,,
2025-09-19,banner015_TD001_1080×1080_リード獲得,AT_IT_リード獲得,媒体ALL_性別男性_リード獲得 - コピー,223,2,1111,,banner015,TD001,リード獲得,,,,
2025-09-19,banner020_TD001_1080×1080_リード獲得,AT_IT_リード獲得,媒体ALL_性別男性_リード獲得 - コピー,388,2,1737,,banner020,TD001,リード獲得,,,,
2025-09-19,banner025_TD001_1080×1080_リード獲得,AT_IT_リード獲得,媒体ALL_性別男性_リード獲得 - コピー,4662,28,19039,1,banner025,TD001,リード獲得,,,,
2025-09-19,banner030_TD001_1080×1080_リード獲得,AT_IT_リード獲得,媒体ALL_性別男性_リード獲得 - コピー,450,6,2445,1,banner030,TD001,リード獲得,,,,
2025-09-19,banner040_TD001_1080x1350_リード獲得,AT_IT_リード獲得,媒体ALL_性別男性_リード獲得 - コピー,381,2,1109,,banner040,TD001,リード獲得,,,,
2025-09-19,banner046_TD001_1080x1350_リード獲得,AT_IT_リード獲得,媒体ALL_性別男性_リード獲得 - コピー,930,3,3004,,banner046,TD001,リード獲得,,,,
2025-09-20,banner025_TD001_1080×1080_リード獲得,AT_IT_リード獲得,媒体ALL_性別男性_リード獲得 - コピー,4909,43,19784,2,banner025,TD001,リード獲得,,,,
2025-09-20,banner046_TD001_1080x1350_リード獲得,AT_IT_リード獲得,媒体ALL_性別男性_リード獲得 - コピー,695,6,3688,,banner046,TD001,リード獲得,,,,
2025-09-20,banner030_TD001_1080×1080_リード獲得,AT_IT_リード獲得,媒体ALL_性別男性_リード獲得 - コピー,539,5,2737,,banner030,TD001,リード獲得,,,,
2025-09-20,banner040_TD001_1080x1350_リード獲得,AT_IT_リード獲得,媒体ALL_性別男性_リード獲得 - コピー,371,2,1220,,banner040,TD001,リード獲得,,,,
2025-09-20,banner020_TD001_1080×1080_リード獲得,AT_IT_リード獲得,媒体ALL_性別男性_リード獲得 - コピー,231,2,790,,banner020,TD001,リード獲得,,,,
2025-09-20,banner015_TD001_1080×1080_リード獲得,AT_IT_リード獲得,媒体ALL_性別男性_リード獲得 - コピー,276,,1160,,banner015,TD001,リード獲得,,,,
2025-09-21,banner015_TD001_1080×1080_リード獲得,AT_IT_リード獲得,媒体ALL_性別男性_リード獲得 - コピー,202,2,1159,1,banner015,TD001,リード獲得,,,,
2025-09-21,banner020_TD001_1080×1080_リード獲得,AT_IT_リード獲得,媒体ALL_性別男性_リード獲得 - コピー,270,1,665,,banner020,TD001,リード獲得,,,,
2025-09-21,banner025_TD001_1080×1080_リード獲得,AT_IT_リード獲得,媒体ALL_性別男性_リード獲得 - コピー,4886,31,15356,2,banner025,TD001,リード獲得,,,,
2025-09-21,banner030_TD001_1080×1080_リード獲得,AT_IT_リード獲得,媒体ALL_性別男性_リード獲得 - コピー,295,2,1268,,banner030,TD001,リード獲得,,,,
2025-09-21,banner040_TD001_1080x1350_リード獲得,AT_IT_リード獲得,媒体ALL_性別男性_リード獲得 - コピー,313,,942,,banner040,TD001,リード獲得,,,,
2025-09-21,banner046_TD001_1080x1350_リード獲得,AT_IT_リード獲得,媒体ALL_性別男性_リード獲得 - コピー,2064,22,7305,1,banner046,TD001,リード獲得,,,,
2025-09-22,banner046_TD001_1080x1350_リード獲得,AT_IT_リード獲得,媒体ALL_性別男性_リード獲得 - コピー,2333,16,9358,1,banner046,TD001,リード獲得,,,,
2025-09-22,banner040_TD001_1080x1350_リード獲得,AT_IT_リード獲得,媒体ALL_性別男性_リード獲得 - コピー,248,2,546,,banner040,TD001,リード獲得,,,,
2025-09-22,banner030_TD001_1080×1080_リード獲得,AT_IT_リード獲得,媒体ALL_性別男性_リード獲得 - コピー,213,,808,,banner030,TD001,リード獲得,,,,
2025-09-22,banner025_TD001_1080×1080_リード獲得,AT_IT_リード獲得,媒体ALL_性別男性_リード獲得 - コピー,3991,25,12039,,banner025,TD001,リード獲得,,,,
2025-09-22,banner020_TD001_1080×1080_リード獲得,AT_IT_リード獲得,媒体ALL_性別男性_リード獲得 - コピー,185,2,593,,banner020,TD001,リード獲得,,,,
2025-09-22,banner015_TD001_1080×1080_リード獲得,AT_IT_リード獲得,媒体ALL_性別男性_リード獲得 - コピー,245,,683,,banner015,TD001,リード獲得,,,,
2025-09-23,banner040_TD001_1080x1350_リード獲得,AT_IT_リード獲得,媒体ALL_性別男性_リード獲得 - コピー,317,2,671,,banner040,TD001,リード獲得,,,,
2025-09-23,banner015_TD001_1080×1080_リード獲得,AT_IT_リード獲得,媒体ALL_性別男性_リード獲得 - コピー,194,1,595,,banner015,TD001,リード獲得,,,,
2025-09-23,banner020_TD001_1080×1080_リード獲得,AT_IT_リード獲得,媒体ALL_性別男性_リード獲得 - コピー,112,2,268,,banner020,TD001,リード獲得,,,,
2025-09-23,banner025_TD001_1080×1080_リード獲得,AT_IT_リード獲得,媒体ALL_性別男性_リード獲得 - コピー,3419,22,9285,1,banner025,TD001,リード獲得,,,,
2025-09-23,banner030_TD001_1080×1080_リード獲得,AT_IT_リード獲得,媒体ALL_性別男性_リード獲得 - コピー,186,1,560,,banner030,TD001,リード獲得,,,,
2025-09-23,banner046_TD001_1080x1350_リード獲得,AT_IT_リード獲得,媒体ALL_性別男性_リード獲得 - コピー,5601,44,13431,6,banner046,TD001,リード獲得,,,,
2025-09-24,banner046_TD001_1080x1350_リード獲得,AT_IT_リード獲得,媒体ALL_性別男性_リード獲得 - コピー,6720,31,14145,2,banner046,TD001,リード獲得,,,,
2025-09-24,banner015_TD001_1080×1080_リード獲得,AT_IT_リード獲得,媒体ALL_性別男性_リード獲得 - コピー,105,2,554,,banner015,TD001,リード獲得,,,,
2025-09-24,banner020_TD001_1080×1080_リード獲得,AT_IT_リード獲得,媒体ALL_性別男性_リード獲得 - コピー,68,1,214,,banner020,TD001,リード獲得,,,,
2025-09-24,banner025_TD001_1080×1080_リード獲得,AT_IT_リード獲得,媒体ALL_性別男性_リード獲得 - コピー,1747,19,5680,3,banner025,TD001,リード獲得,,,,
2025-09-24,banner030_TD001_1080×1080_リード獲得,AT_IT_リード獲得,媒体ALL_性別男性_リード獲得 - コピー,157,1,803,,banner030,TD001,リード獲得,,,,
2025-09-24,banner040_TD001_1080x1350_リード獲得,AT_IT_リード獲得,媒体ALL_性別男性_リード獲得 - コピー,259,2,534,,banner040,TD001,リード獲得,,,,
2025-09-25,banner020_TD001_1080×1080_リード獲得,AT_IT_リード獲得,媒体ALL_性別男性_リード獲得 - コピー,35,,112,,banner020,TD001,リード獲得,,,,
2025-09-25,banner025_TD001_1080×1080_リード獲得,AT_IT_リード獲得,媒体ALL_性別男性_リード獲得 - コピー,2105,13,7669,,banner025,TD001,リード獲得,,,,
2025-09-25,banner030_TD001_1080×1080_リード獲得,AT_IT_リード獲得,媒体ALL_性別男性_リード獲得 - コピー,308,1,1621,,banner030,TD001,リード獲得,,,,
2025-09-25,banner040_TD001_1080x1350_リード獲得,AT_IT_リード獲得,媒体ALL_性別男性_リード獲得 - コピー,500,5,1250,,banner040,TD001,リード獲得,,,,
2025-09-25,banner046_TD001_1080x1350_リード獲得,AT_IT_リード獲得,媒体ALL_性別男性_リード獲得 - コピー,5029,31,10788,1,banner046,TD001,リード獲得,,,,
2025-09-25,banner015_TD001_1080×1080_リード獲得,AT_IT_リード獲得,媒体ALL_性別男性_リード獲得 - コピー,121,2,585,,banner015,TD001,リード獲得,,,,
2025-09-26,banner046_TD001_1080x1350_リード獲得,AT_IT_リード獲得,媒体ALL_性別男性_リード獲得 - コピー,4689,27,11860,1,banner046,TD001,リード獲得,,,,
2025-09-26,banner015_TD001_1080×1080_リード獲得,AT_IT_リード獲得,媒体ALL_性別男性_リード獲得 - コピー,358,4,1697,1,banner015,TD001,リード獲得,,,,
2025-09-26,banner020_TD001_1080×1080_リード獲得,AT_IT_リード獲得,媒体ALL_性別男性_リード獲得 - コピー,39,,186,,banner020,TD001,リード獲得,,,,
2025-09-26,banner025_TD001_1080×1080_リード獲得,AT_IT_リード獲得,媒体ALL_性別男性_リード獲得 - コピー,1730,11,6046,,banner025,TD001,リード獲得,,,,
2025-09-26,banner030_TD001_1080×1080_リード獲得,AT_IT_リード獲得,媒体ALL_性別男性_リード獲得 - コピー,687,3,3138,1,banner030,TD001,リード獲得,,,,
2025-09-26,banner040_TD001_1080x1350_リード獲得,AT_IT_リード獲得,媒体ALL_性別男性_リード獲得 - コピー,641,6,1548,,banner040,TD001,リード獲得,,,,
2025-09-27,banner020_TD001_1080×1080_リード獲得,AT_IT_リード獲得,媒体ALL_性別男性_リード獲得 - コピー,79,,338,,banner020,TD001,リード獲得,,,,
2025-09-27,banner015_TD001_1080×1080_リード獲得,AT_IT_リード獲得,媒体ALL_性別男性_リード獲得 - コピー,396,2,1872,,banner015,TD001,リード獲得,,,,
2025-09-27,banner025_TD001_1080×1080_リード獲得,AT_IT_リード獲得,媒体ALL_性別男性_リード獲得 - コピー,1840,15,5166,,banner025,TD001,リード獲得,,,,
2025-09-27,banner030_TD001_1080×1080_リード獲得,AT_IT_リード獲得,媒体ALL_性別男性_リード獲得 - コピー,1282,6,3594,1,banner030,TD001,リード獲得,,,,
2025-09-27,banner040_TD001_1080x1350_リード獲得,AT_IT_リード獲得,媒体ALL_性別男性_リード獲得 - コピー,824,7,1536,,banner040,TD001,リード獲得,,,,
2025-09-27,banner046_TD001_1080x1350_リード獲得,AT_IT_リード獲得,媒体ALL_性別男性_リード獲得 - コピー,4564,18,11504,,banner046,TD001,リード獲得,,,,
2025-09-28,banner025_TD001_1080×1080_リード獲得,AT_IT_リード獲得,媒体ALL_性別男性_リード獲得 - コピー,3137,23,9542,1,banner025,TD001,リード獲得,,,,
2025-09-28,banner015_TD001_1080×1080_リード獲得,AT_IT_リード獲得,媒体ALL_性別男性_リード獲得 - コピー,523,8,3209,,banner015,TD001,リード獲得,,,,
2025-09-28,banner020_TD001_1080×1080_リード獲得,AT_IT_リード獲得,媒体ALL_性別男性_リード獲得 - コピー,153,1,353,,banner020,TD001,リード獲得,,,,
2025-09-28,banner030_TD001_1080×1080_リード獲得,AT_IT_リード獲得,媒体ALL_性別男性_リード獲得 - コピー,1422,7,4415,,banner030,TD001,リード獲得,,,,
2025-09-28,banner040_TD001_1080x1350_リード獲得,AT_IT_リード獲得,媒体ALL_性別男性_リード獲得 - コピー,1309,7,2374,,banner040,TD001,リード獲得,,,,
2025-09-28,banner046_TD001_1080x1350_リード獲得,AT_IT_リード獲得,媒体ALL_性別男性_リード獲得 - コピー,2486,13,5871,,banner046,TD001,リード獲得,,,,
2025-09-29,banner030_TD001_1080×1080_リード獲得,AT_IT_リード獲得,媒体ALL_性別男性_リード獲得 - コピー,1135,8,3909,,banner030,TD001,リード獲得,,,,
2025-09-29,banner040_TD001_1080x1350_リード獲得,AT_IT_リード獲得,媒体ALL_性別男性_リード獲得 - コピー,1099,2,2128,,banner040,TD001,リード獲得,,,,
2025-09-29,banner025_TD001_1080×1080_リード獲得,AT_IT_リード獲得,媒体ALL_性別男性_リード獲得 - コピー,3259,19,8394,,banner025,TD001,リード獲得,,,,
2025-09-29,banner046_TD001_1080x1350_リード獲得,AT_IT_リード獲得,媒体ALL_性別男性_リード獲得 - コピー,3237,9,6002,,banner046,TD001,リード獲得,,,,
2025-09-29,banner015_TD001_1080×1080_リード獲得,AT_IT_リード獲得,媒体ALL_性別男性_リード獲得 - コピー,738,6,3042,,banner015,TD001,リード獲得,,,,
2025-09-29,banner020_TD001_1080×1080_リード獲得,AT_IT_リード獲得,媒体ALL_性別男性_リード獲得 - コピー,84,,341,,banner020,TD001,リード獲得,,,,
2025-09-30,banner020_TD001_1080×1080_リード獲得,AT_IT_リード獲得,媒体ALL_性別男性_リード獲得 - コピー,162,1,446,,banner020,TD001,リード獲得,,,,
2025-09-30,banner015_TD001_1080×1080_リード獲得,AT_IT_リード獲得,媒体ALL_性別男性_リード獲得 - コピー,846,8,4294,,banner015,TD001,リード獲得,,,,
2025-09-30,banner025_TD001_1080×1080_リード獲得,AT_IT_リード獲得,媒体ALL_性別男性_リード獲得 - コピー,2082,10,6146,,banner025,TD001,リード獲得,,,,
2025-09-30,banner040_TD001_1080x1350_リード獲得,AT_IT_リード獲得,媒体ALL_性別男性_リード獲得 - コピー,1347,2,3382,,banner040,TD001,リード獲得,,,,
2025-09-30,banner030_TD001_1080×1080_リード獲得,AT_IT_リード獲得,媒体ALL_性別男性_リード獲得 - コピー,1190,6,3367,,banner030,TD001,リード獲得,,,,
2025-09-30,banner046_TD001_1080x1350_リード獲得,AT_IT_リード獲得,媒体ALL_性別男性_リード獲得 - コピー,2928,14,6109,,banner046,TD001,リード獲得,,,,
2025-10-01,banner025_TD001_1080×1080_リード獲得,AT_IT_リード獲得,媒体ALL_性別男性_リード獲得 - コピー,2213,22,5906,,banner025,TD001,リード獲得,,,,
2025-10-01,banner040_TD001_1080x1350_リード獲得,AT_IT_リード獲得,媒体ALL_性別男性_リード獲得 - コピー,1572,11,2639,,banner040,TD001,リード獲得,,,,
2025-10-01,banner046_TD001_1080x1350_リード獲得,AT_IT_リード獲得,媒体ALL_性別男性_リード獲得 - コピー,2459,23,5509,,banner046,TD001,リード獲得,,,,
2025-10-01,banner048_TD001_1080x1350_リード獲得,AT_IT_リード獲得,媒体ALL_性別男性_リード獲得 - コピー,306,1,1504,,banner048,TD001,リード獲得,,,,
2025-10-01,banner015_TD001_1080×1080_リード獲得,AT_IT_リード獲得,媒体ALL_性別男性_リード獲得 - コピー,791,4,3602,,banner015,TD001,リード獲得,,,,
2025-10-01,banner020_TD001_1080×1080_リード獲得,AT_IT_リード獲得,媒体ALL_性別男性_リード獲得 - コピー,156,,427,,banner020,TD001,リード獲得,,,,
2025-10-01,banner030_TD001_1080×1080_リード獲得,AT_IT_リード獲得,媒体ALL_性別男性_リード獲得 - コピー,1488,13,4280,,banner030,TD001,リード獲得,,,,
2025-10-02,banner048_TD001_1080x1350_リード獲得,AT_IT_リード獲得,媒体ALL_性別男性_リード獲得 - コピー,281,1,1118,,banner048,TD001,リード獲得,,,,
2025-10-02,banner046_TD001_1080x1350_リード獲得,AT_IT_リード獲得,媒体ALL_性別男性_リード獲得 - コピー,2591,17,5414,1,banner046,TD001,リード獲得,,,,
2025-10-02,banner047_TD001_1080x1350_リード獲得,AT_IT_リード獲得,媒体ALL_性別男性_リード獲得 - コピー,1027,8,3330,,banner047,TD001,リード獲得,,,,
2025-10-02,banner040_TD001_1080x1350_リード獲得,AT_IT_リード獲得,媒体ALL_性別男性_リード獲得 - コピー,1205,3,2125,,banner040,TD001,リード獲得,,,,
2025-10-02,banner030_TD001_1080×1080_リード獲得,AT_IT_リード獲得,媒体ALL_性別男性_リード獲得 - コピー,681,5,1650,,banner030,TD001,リード獲得,,,,
2025-10-02,banner025_TD001_1080×1080_リード獲得,AT_IT_リード獲得,媒体ALL_性別男性_リード獲得 - コピー,2679,19,7035,1,banner025,TD001,リード獲得,,,,
2025-10-02,banner020_TD001_1080×1080_リード獲得,AT_IT_リード獲得,媒体ALL_性別男性_リード獲得 - コピー,73,,185,,banner020,TD001,リード獲得,,,,
2025-10-02,banner015_TD001_1080×1080_リード獲得,AT_IT_リード獲得,媒体ALL_性別男性_リード獲得 - コピー,588,6,2818,,banner015,TD001,リード獲得,,,,
2025-10-03,banner020_TD001_1080×1080_リード獲得,AT_IT_リード獲得,媒体ALL_性別男性_リード獲得 - コピー,105,2,283,,banner020,TD001,リード獲得,,,,
2025-10-03,banner025_TD001_1080×1080_リード獲得,AT_IT_リード獲得,媒体ALL_性別男性_リード獲得 - コピー,3088,30,8842,3,banner025,TD001,リード獲得,,,,
2025-10-03,banner030_TD001_1080×1080_リード獲得,AT_IT_リード獲得,媒体ALL_性別男性_リード獲得 - コピー,597,4,1185,,banner030,TD001,リード獲得,,,,
2025-10-03,banner040_TD001_1080x1350_リード獲得,AT_IT_リード獲得,媒体ALL_性別男性_リード獲得 - コピー,1874,8,3108,,banner040,TD001,リード獲得,,,,
2025-10-03,banner046_TD001_1080x1350_リード獲得,AT_IT_リード獲得,媒体ALL_性別男性_リード獲得 - コピー,1844,11,4205,,banner046,TD001,リード獲得,,,,
2025-10-03,banner047_TD001_1080x1350_リード獲得,AT_IT_リード獲得,媒体ALL_性別男性_リード獲得 - コピー,811,8,2632,,banner047,TD001,リード獲得,,,,
2025-10-03,banner048_TD001_1080x1350_リード獲得,AT_IT_リード獲得,媒体ALL_性別男性_リード獲得 - コピー,92,1,373,,banner048,TD001,リード獲得,,,,
2025-10-03,banner015_TD001_1080×1080_リード獲得,AT_IT_リード獲得,媒体ALL_性別男性_リード獲得 - コピー,461,6,2337,,banner015,TD001,リード獲得,,,,
2025-10-04,banner048_TD001_1080x1350_リード獲得,AT_IT_リード獲得,媒体ALL_性別男性_リード獲得 - コピー,185,6,1190,1,banner048,TD001,リード獲得,,,,
2025-10-04,banner040_TD001_1080x1350_リード獲得,AT_IT_リード獲得,媒体ALL_性別男性_リード獲得 - コピー,1935,12,3277,,banner040,TD001,リード獲得,,,,
2025-10-04,banner047_TD001_1080x1350_リード獲得,AT_IT_リード獲得,媒体ALL_性別男性_リード獲得 - コピー,892,8,3478,,banner047,TD001,リード獲得,,,,
2025-10-04,banner015_TD001_1080×1080_リード獲得,AT_IT_リード獲得,媒体ALL_性別男性_リード獲得 - コピー,504,1,1841,,banner015,TD001,リード獲得,,,,
2025-10-04,banner046_TD001_1080x1350_リード獲得,AT_IT_リード獲得,媒体ALL_性別男性_リード獲得 - コピー,1536,10,3398,1,banner046,TD001,リード獲得,,,,
2025-10-04,banner020_TD001_1080×1080_リード獲得,AT_IT_リード獲得,媒体ALL_性別男性_リード獲得 - コピー,176,3,359,,banner020,TD001,リード獲得,,,,
2025-10-04,banner025_TD001_1080×1080_リード獲得,AT_IT_リード獲得,媒体ALL_性別男性_リード獲得 - コピー,2315,16,7270,,banner025,TD001,リード獲得,,,,
2025-10-04,banner030_TD001_1080×1080_リード獲得,AT_IT_リード獲得,媒体ALL_性別男性_リード獲得 - コピー,1360,9,3082,,banner030,TD001,リード獲得,,,,
2025-10-05,banner020_TD001_1080×1080_リード獲得,AT_IT_リード獲得,媒体ALL_性別男性_リード獲得 - コピー,301,,607,,banner020,TD001,リード獲得,,,,
2025-10-05,banner025_TD001_1080×1080_リード獲得,AT_IT_リード獲得,媒体ALL_性別男性_リード獲得 - コピー,2406,26,7206,,banner025,TD001,リード獲得,,,,
2025-10-05,banner030_TD001_1080×1080_リード獲得,AT_IT_リード獲得,媒体ALL_性別男性_リード獲得 - コピー,1828,5,3581,,banner030,TD001,リード獲得,,,,
2025-10-05,banner040_TD001_1080x1350_リード獲得,AT_IT_リード獲得,媒体ALL_性別男性_リード獲得 - コピー,1809,10,3055,,banner040,TD001,リード獲得,,,,
2025-10-05,banner046_TD001_1080x1350_リード獲得,AT_IT_リード獲得,媒体ALL_性別男性_リード獲得 - コピー,2962,11,6156,1,banner046,TD001,リード獲得,,,,
2025-10-05,banner047_TD001_1080x1350_リード獲得,AT_IT_リード獲得,媒体ALL_性別男性_リード獲得 - コピー,456,3,1546,,banner047,TD001,リード獲得,,,,
2025-10-05,banner048_TD001_1080x1350_リード獲得,AT_IT_リード獲得,媒体ALL_性別男性_リード獲得 - コピー,212,,1161,,banner048,TD001,リード獲得,,,,
2025-10-05,banner015_TD001_1080×1080_リード獲得,AT_IT_リード獲得,媒体ALL_性別男性_リード獲得 - コピー,838,3,2409,,banner015,TD001,リード獲得,,,,
2025-10-06,banner048_TD001_1080x1350_リード獲得,AT_IT_リード獲得,媒体ALL_性別男性_リード獲得 - コピー,117,1,404,,banner048,TD001,リード獲得,,,,
2025-10-06,banner020_TD001_1080×1080_リード獲得,AT_IT_リード獲得,媒体ALL_性別男性_リード獲得 - コピー,166,,426,,banner020,TD001,リード獲得,,,,
2025-10-06,banner047_TD001_1080x1350_リード獲得,AT_IT_リード獲得,媒体ALL_性別男性_リード獲得 - コピー,221,,510,,banner047,TD001,リード獲得,,,,
2025-10-06,banner015_TD001_1080×1080_リード獲得,AT_IT_リード獲得,媒体ALL_性別男性_リード獲得 - コピー,501,3,2009,,banner015,TD001,リード獲得,,,,
2025-10-06,banner025_TD001_1080×1080_リード獲得,AT_IT_リード獲得,媒体ALL_性別男性_リード獲得 - コピー,3051,29,10746,2,banner025,TD001,リード獲得,,,,
2025-10-06,banner030_TD001_1080×1080_リード獲得,AT_IT_リード獲得,媒体ALL_性別男性_リード獲得 - コピー,1295,6,3509,,banner030,TD001,リード獲得,,,,
2025-10-06,banner046_TD001_1080x1350_リード獲得,AT_IT_リード獲得,媒体ALL_性別男性_リード獲得 - コピー,1725,17,4162,,banner046,TD001,リード獲得,,,,
2025-10-06,banner040_TD001_1080x1350_リード獲得,AT_IT_リード獲得,媒体ALL_性別男性_リード獲得 - コピー,1851,13,4117,,banner040,TD001,リード獲得,,,,
2025-10-07,banner020_TD001_1080×1080_リード獲得,AT_IT_リード獲得,媒体ALL_性別男性_リード獲得 - コピー,101,,238,,banner020,TD001,リード獲得,,,,
2025-10-07,banner025_TD001_1080×1080_リード獲得,AT_IT_リード獲得,媒体ALL_性別男性_リード獲得 - コピー,2461,14,10033,1,banner025,TD001,リード獲得,,,,
2025-10-07,banner030_TD001_1080×1080_リード獲得,AT_IT_リード獲得,媒体ALL_性別男性_リード獲得 - コピー,641,4,2278,,banner030,TD001,リード獲得,,,,
2025-10-07,banner040_TD001_1080x1350_リード獲得,AT_IT_リード獲得,媒体ALL_性別男性_リード獲得 - コピー,879,6,2346,,banner040,TD001,リード獲得,,,,
2025-10-07,banner046_TD001_1080x1350_リード獲得,AT_IT_リード獲得,媒体ALL_性別男性_リード獲得 - コピー,2408,26,6435,1,banner046,TD001,リード獲得,,,,
2025-10-07,banner047_TD001_1080x1350_リード獲得,AT_IT_リード獲得,媒体ALL_性別男性_リード獲得 - コピー,260,2,1183,,banner047,TD001,リード獲得,,,,
2025-10-07,banner048_TD001_1080x1350_リード獲得,AT_IT_リード獲得,媒体ALL_性別男性_リード獲得 - コピー,193,2,804,,banner048,TD001,リード獲得,,,,
2025-10-07,banner015_TD001_1080×1080_リード獲得,AT_IT_リード獲得,媒体ALL_性別男性_リード獲得 - コピー,314,3,1242,1,banner015,TD001,リード獲得,,,,
2025-10-08,banner048_TD001_1080x1350_リード獲得,AT_IT_リード獲得,媒体ALL_性別男性_リード獲得 - コピー,498,1,1610,,banner048,TD001,リード獲得,,,,
2025-10-08,banner030_TD001_1080×1080_リード獲得,AT_IT_リード獲得,媒体ALL_性別男性_リード獲得 - コピー,563,1,1554,,banner030,TD001,リード獲得,,,,
2025-10-08,banner047_TD001_1080x1350_リード獲得,AT_IT_リード獲得,媒体ALL_性別男性_リード獲得 - コピー,173,4,847,,banner047,TD001,リード獲得,,,,
2025-10-08,banner015_TD001_1080×1080_リード獲得,AT_IT_リード獲得,媒体ALL_性別男性_リード獲得 - コピー,315,6,1382,1,banner015,TD001,リード獲得,,,,
2025-10-08,banner020_TD001_1080×1080_リード獲得,AT_IT_リード獲得,媒体ALL_性別男性_リード獲得 - コピー,78,,230,,banner020,TD001,リード獲得,,,,
2025-10-08,banner046_TD001_1080x1350_リード獲得,AT_IT_リード獲得,媒体ALL_性別男性_リード獲得 - コピー,3365,41,8663,3,banner046,TD001,リード獲得,,,,
2025-10-08,banner025_TD001_1080×1080_リード獲得,AT_IT_リード獲得,媒体ALL_性別男性_リード獲得 - コピー,2090,23,7311,2,banner025,TD001,リード獲得,,,,
2025-10-08,banner040_TD001_1080x1350_リード獲得,AT_IT_リード獲得,媒体ALL_性別男性_リード獲得 - コピー,719,,1493,,banner040,TD001,リード獲得,,,,
2025-10-09,banner015_TD001_1080×1080_リード獲得,AT_IT_リード獲得,媒体ALL_性別男性_リード獲得 - コピー,419,2,1644,,banner015,TD001,リード獲得,,,,
2025-10-09,banner030_TD001_1080×1080_リード獲得,AT_IT_リード獲得,媒体ALL_性別男性_リード獲得 - コピー,742,5,2259,,banner030,TD001,リード獲得,,,,
2025-10-09,banner048_TD001_1080x1350_リード獲得,AT_IT_リード獲得,媒体ALL_性別男性_リード獲得 - コピー,487,7,1599,1,banner048,TD001,リード獲得,,,,
2025-10-09,banner047_TD001_1080x1350_リード獲得,AT_IT_リード獲得,媒体ALL_性別男性_リード獲得 - コピー,320,6,949,1,banner047,TD001,リード獲得,,,,
2025-10-09,banner046_TD001_1080x1350_リード獲得,AT_IT_リード獲得,媒体ALL_性別男性_リード獲得 - コピー,2134,23,5232,1,banner046,TD001,リード獲得,,,,
2025-10-09,banner040_TD001_1080x1350_リード獲得,AT_IT_リード獲得,媒体ALL_性別男性_リード獲得 - コピー,225,1,662,,banner040,TD001,リード獲得,,,,
2025-10-09,banner025_TD001_1080×1080_リード獲得,AT_IT_リード獲得,媒体ALL_性別男性_リード獲得 - コピー,3331,32,9959,,banner025,TD001,リード獲得,,,,
2025-10-09,banner020_TD001_1080×1080_リード獲得,AT_IT_リード獲得,媒体ALL_性別男性_リード獲得 - コピー,73,1,113,,banner020,TD001,リード獲得,,,,
2025-10-10,banner015_TD001_1080×1080_リード獲得,AT_IT_リード獲得,媒体ALL_性別男性_リード獲得 - コピー,519,5,2029,,banner015,TD001,リード獲得,,,,
2025-10-10,banner025_TD001_1080×1080_リード獲得,AT_IT_リード獲得,媒体ALL_性別男性_リード獲得 - コピー,4496,30,13666,2,banner025,TD001,リード獲得,,,,
2025-10-10,banner030_TD001_1080×1080_リード獲得,AT_IT_リード獲得,媒体ALL_性別男性_リード獲得 - コピー,1079,10,2662,,banner030,TD001,リード獲得,,,,
2025-10-10,banner048_TD001_1080x1350_リード獲得,AT_IT_リード獲得,媒体ALL_性別男性_リード獲得 - コピー,586,2,1770,,banner048,TD001,リード獲得,,,,
2025-10-10,banner047_TD001_1080x1350_リード獲得,AT_IT_リード獲得,媒体ALL_性別男性_リード獲得 - コピー,594,5,2297,,banner047,TD001,リード獲得,,,,
2025-10-11,banner015_TD001_1080×1080_リード獲得,AT_IT_リード獲得,媒体ALL_性別男性_リード獲得 - コピー,612,5,2810,,banner015,TD001,リード獲得,,,,
2025-10-11,banner025_TD001_1080×1080_リード獲得,AT_IT_リード獲得,媒体ALL_性別男性_リード獲得 - コピー,5357,51,15701,2,banner025,TD001,リード獲得,,,,
2025-10-11,banner030_TD001_1080×1080_リード獲得,AT_IT_リード獲得,媒体ALL_性別男性_リード獲得 - コピー,1347,7,3224,1,banner030,TD001,リード獲得,,,,
2025-10-11,banner047_TD001_1080x1350_リード獲得,AT_IT_リード獲得,媒体ALL_性別男性_リード獲得 - コピー,363,4,1254,,banner047,TD001,リード獲得,,,,
2025-10-11,banner048_TD001_1080x1350_リード獲得,AT_IT_リード獲得,媒体ALL_性別男性_リード獲得 - コピー,213,,773,,banner048,TD001,リード獲得,,,,
2025-10-12,banner048_TD001_1080x1350_リード獲得,AT_IT_リード獲得,媒体ALL_性別男性_リード獲得 - コピー,292,2,1077,1,banner048,TD001,リード獲得,,,,
2025-10-12,banner047_TD001_1080x1350_リード獲得,AT_IT_リード獲得,媒体ALL_性別男性_リード獲得 - コピー,263,1,1154,,banner047,TD001,リード獲得,,,,
2025-10-12,banner030_TD001_1080×1080_リード獲得,AT_IT_リード獲得,媒体ALL_性別男性_リード獲得 - コピー,2450,24,5545,,banner030,TD001,リード獲得,,,,
2025-10-12,banner025_TD001_1080×1080_リード獲得,AT_IT_リード獲得,媒体ALL_性別男性_リード獲得 - コピー,5270,51,15504,2,banner025,TD001,リード獲得,,,,
2025-10-12,banner015_TD001_1080×1080_リード獲得,AT_IT_リード獲得,媒体ALL_性別男性_リード獲得 - コピー,1054,13,3392,,banner015,TD001,リード獲得,,,,
2025-10-13,banner015_TD001_1080×1080_リード獲得,AT_IT_リード獲得,媒体ALL_性別男性_リード獲得 - コピー,1186,7,2903,,banner015,TD001,リード獲得,,,,
2025-10-13,banner025_TD001_1080×1080_リード獲得,AT_IT_リード獲得,媒体ALL_性別男性_リード獲得 - コピー,5354,39,13315,1,banner025,TD001,リード獲得,,,,
2025-10-13,banner030_TD001_1080×1080_リード獲得,AT_IT_リード獲得,媒体ALL_性別男性_リード獲得 - コピー,2445,19,4830,,banner030,TD001,リード獲得,,,,
2025-10-13,banner047_TD001_1080x1350_リード獲得,AT_IT_リード獲得,媒体ALL_性別男性_リード獲得 - コピー,649,7,1897,,banner047,TD001,リード獲得,,,,
2025-10-13,banner048_TD001_1080x1350_リード獲得,AT_IT_リード獲得,媒体ALL_性別男性_リード獲得 - コピー,461,3,1254,,banner048,TD001,リード獲得,,,,
2025-10-14,banner015_TD001_1080×1080_リード獲得,AT_IT_リード獲得,媒体ALL_性別男性_リード獲得 - コピー,774,3,2112,,banner015,TD001,リード獲得,,,,
2025-10-14,banner025_TD001_1080×1080_リード獲得,AT_IT_リード獲得,媒体ALL_性別男性_リード獲得 - コピー,5331,39,13547,1,banner025,TD001,リード獲得,,,,
2025-10-14,banner047_TD001_1080x1350_リード獲得,AT_IT_リード獲得,媒体ALL_性別男性_リード獲得 - コピー,340,,777,,banner047,TD001,リード獲得,,,,
2025-10-14,banner048_TD001_1080x1350_リード獲得,AT_IT_リード獲得,媒体ALL_性別男性_リード獲得 - コピー,453,4,1480,,banner048,TD001,リード獲得,,,,
2025-10-14,banner030_TD001_1080×1080_リード獲得,AT_IT_リード獲得,媒体ALL_性別男性_リード獲得 - コピー,2507,17,4994,,banner030,TD001,リード獲得,,,,
2025-10-15,banner015_TD001_1080×1080_リード獲得,AT_IT_リード獲得,媒体ALL_性別男性_リード獲得 - コピー,712,2,2602,,banner015,TD001,リード獲得,,,,
2025-10-15,banner025_TD001_1080×1080_リード獲得,AT_IT_リード獲得,媒体ALL_性別男性_リード獲得 - コピー,5160,52,13664,1,banner025,TD001,リード獲得,,,,
2025-10-15,banner030_TD001_1080×1080_リード獲得,AT_IT_リード獲得,媒体ALL_性別男性_リード獲得 - コピー,2191,8,4779,,banner030,TD001,リード獲得,,,,
2025-10-15,banner047_TD001_1080x1350_リード獲得,AT_IT_リード獲得,媒体ALL_性別男性_リード獲得 - コピー,280,2,1372,,banner047,TD001,リード獲得,,,,
2025-10-15,banner048_TD001_1080x1350_リード獲得,AT_IT_リード獲得,媒体ALL_性別男性_リード獲得 - コピー,514,6,1426,1,banner048,TD001,リード獲得,,,,
2025-10-16,banner048_TD001_1080x1350_リード獲得,AT_IT_リード獲得,媒体ALL_性別男性_リード獲得 - コピー,1032,6,3114,,banner048,TD001,リード獲得,,,,
2025-10-16,banner047_TD001_1080x1350_リード獲得,AT_IT_リード獲得,媒体ALL_性別男性_リード獲得 - コピー,571,4,1381,,banner047,TD001,リード獲得,,,,
2025-10-16,banner015_TD001_1080×1080_リード獲得,AT_IT_リード獲得,媒体ALL_性別男性_リード獲得 - コピー,909,9,3387,,banner015,TD001,リード獲得,,,,
2025-10-16,banner025_TD001_1080×1080_リード獲得,AT_IT_リード獲得,媒体ALL_性別男性_リード獲得 - コピー,3228,41,9653,1,banner025,TD001,リード獲得,,,,
2025-10-16,banner030_TD001_1080×1080_リード獲得,AT_IT_リード獲得,媒体ALL_性別男性_リード獲得 - コピー,2350,10,4905,,banner030,TD001,リード獲得,,,,
2025-10-17,banner048_TD001_1080x1350_リード獲得,AT_IT_リード獲得,媒体ALL_性別男性_リード獲得 - コピー,634,5,2158,,banner048,TD001,リード獲得,,,,
2025-10-17,banner030_TD001_1080×1080_リード獲得,AT_IT_リード獲得,媒体ALL_性別男性_リード獲得 - コピー,6623,53,15606,3,banner030,TD001,リード獲得,,,,
2025-10-17,banner047_TD001_1080x1350_リード獲得,AT_IT_リード獲得,媒体ALL_性別男性_リード獲得 - コピー,630,3,1621,,banner047,TD001,リード獲得,,,,
2025-10-17,banner015_TD001_1080×1080_リード獲得,AT_IT_リード獲得,媒体ALL_性別男性_リード獲得 - コピー,1399,9,4385,,banner015,TD001,リード獲得,,,,
2025-10-18,banner047_TD001_1080x1350_リード獲得,AT_IT_リード獲得,媒体ALL_性別男性_リード獲得 - コピー,535,4,1092,,banner047,TD001,リード獲得,,,,
2025-10-18,banner048_TD001_1080x1350_リード獲得,AT_IT_リード獲得,媒体ALL_性別男性_リード獲得 - コピー,462,7,1386,,banner048,TD001,リード獲得,,,,
2025-10-18,banner030_TD001_1080×1080_リード獲得,AT_IT_リード獲得,媒体ALL_性別男性_リード獲得 - コピー,7250,45,15971,2,banner030,TD001,リード獲得,,,,
2025-10-18,banner015_TD001_1080×1080_リード獲得,AT_IT_リード獲得,媒体ALL_性別男性_リード獲得 - コピー,2257,25,5701,2,banner015,TD001,リード獲得,,,,
2025-10-19,banner048_TD001_1080x1350_リード獲得,AT_IT_リード獲得,媒体ALL_性別男性_リード獲得 - コピー,3108,25,6033,1,banner048,TD001,リード獲得,,,,
2025-10-19,banner047_TD001_1080x1350_リード獲得,AT_IT_リード獲得,媒体ALL_性別男性_リード獲得 - コピー,1437,17,2308,,banner047,TD001,リード獲得,,,,
2025-10-19,banner030_TD001_1080×1080_リード獲得,AT_IT_リード獲得,媒体ALL_性別男性_リード獲得 - コピー,6537,55,13003,1,banner030,TD001,リード獲得,,,,
2025-10-19,banner015_TD001_1080×1080_リード獲得,AT_IT_リード獲得,媒体ALL_性別男性_リード獲得 - コピー,2723,12,4932,,banner015,TD001,リード獲得,,,,
2025-10-20,banner047_TD001_1080x1350_リード獲得,AT_IT_リード獲得,媒体ALL_性別男性_リード獲得 - コピー,2691,21,4694,,banner047,TD001,リード獲得,,,,
2025-10-20,banner030_TD001_1080×1080_リード獲得,AT_IT_リード獲得,媒体ALL_性別男性_リード獲得 - コピー,3662,19,7584,,banner030,TD001,リード獲得,,,,
2025-10-20,banner015_TD001_1080×1080_リード獲得,AT_IT_リード獲得,媒体ALL_性別男性_リード獲得 - コピー,1470,9,2939,,banner015,TD001,リード獲得,,,,
2025-10-20,banner048_TD001_1080x1350_リード獲得,AT_IT_リード獲得,媒体ALL_性別男性_リード獲得 - コピー,3935,24,7365,1,banner048,TD001,リード獲得,,,,
2025-10-21,banner048_TD001_1080x1350_リード獲得,AT_IT_リード獲得,媒体ALL_性別男性_リード獲得 - コピー,2849,20,5812,,banner048,TD001,リード獲得,,,,
2025-10-21,banner030_TD001_1080×1080_リード獲得,AT_IT_リード獲得,媒体ALL_性別男性_リード獲得 - コピー,5451,34,10556,,banner030,TD001,リード獲得,,,,
2025-10-21,banner047_TD001_1080x1350_リード獲得,AT_IT_リード獲得,媒体ALL_性別男性_リード獲得 - コピー,1442,9,3118,,banner047,TD001,リード獲得,,,,
2025-10-21,banner015_TD001_1080×1080_リード獲得,AT_IT_リード獲得,媒体ALL_性別男性_リード獲得 - コピー,1830,10,4086,,banner015,TD001,リード獲得,,,,
2025-10-22,banner048_TD001_1080x1350_リード獲得,AT_IT_リード獲得,媒体ALL_性別男性_リード獲得 - コピー,567,3,1251,,banner048,TD001,リード獲得,,,,
2025-10-22,banner047_TD001_1080x1350_リード獲得,AT_IT_リード獲得,媒体ALL_性別男性_リード獲得 - コピー,592,5,1238,,banner047,TD001,リード獲得,,,,
2025-10-22,banner030_TD001_1080×1080_リード獲得,AT_IT_リード獲得,媒体ALL_性別男性_リード獲得 - コピー,6661,57,14269,3,banner030,TD001,リード獲得,,,,
2025-10-22,banner015_TD001_1080×1080_リード獲得,AT_IT_リード獲得,媒体ALL_性別男性_リード獲得 - コピー,3140,28,7103,,banner015,TD001,リード獲得,,,,
2025-10-23,banner047_TD001_1080x1350_リード獲得,AT_IT_リード獲得,媒体ALL_性別男性_リード獲得 - コピー,771,11,2186,,banner047,TD001,リード獲得,,,,
2025-10-23,banner015_TD001_1080×1080_リード獲得,AT_IT_リード獲得,媒体ALL_性別男性_リード獲得 - コピー,972,5,3031,,banner015,TD001,リード獲得,,,,
2025-10-23,banner048_TD001_1080x1350_リード獲得,AT_IT_リード獲得,媒体ALL_性別男性_リード獲得 - コピー,2191,13,6300,,banner048,TD001,リード獲得,,,,
2025-10-23,banner030_TD001_1080×1080_リード獲得,AT_IT_リード獲得,媒体ALL_性別男性_リード獲得 - コピー,4518,24,11525,1,banner030,TD001,リード獲得,,,,
2025-10-24,banner047_TD001_1080x1350_リード獲得,AT_IT_リード獲得,媒体ALL_性別男性_リード獲得 - コピー,895,9,2174,1,banner047,TD001,リード獲得,,,,
2025-10-24,banner048_TD001_1080x1350_リード獲得,AT_IT_リード獲得,媒体ALL_性別男性_リード獲得 - コピー,2042,15,5841,1,banner048,TD001,リード獲得,,,,
2025-10-24,banner015_TD001_1080×1080_リード獲得,AT_IT_リード獲得,媒体ALL_性別男性_リード獲得 - コピー,1062,14,3819,,banner015,TD001,リード獲得,,,,
2025-10-24,banner030_TD001_1080×1080_リード獲得,AT_IT_リード獲得,媒体ALL_性別男性_リード獲得 - コピー,4182,28,11572,,banner030,TD001,リード獲得,,,,
2025-10-25,banner048_TD001_1080x1350_リード獲得,AT_IT_リード獲得,媒体ALL_性別男性_リード獲得 - コピー,4390,35,12610,2,banner048,TD001,リード獲得,,,,
2025-10-25,banner015_TD001_1080×1080_リード獲得,AT_IT_リード獲得,媒体ALL_性別男性_リード獲得 - コピー,1826,18,6854,,banner015,TD001,リード獲得,,,,
2025-10-25,banner047_TD001_1080x1350_リード獲得,AT_IT_リード獲得,媒体ALL_性別男性_リード獲得 - コピー,1900,12,5615,,banner047,TD001,リード獲得,,,,
2025-10-26,banner047_TD001_1080x1350_リード獲得,AT_IT_リード獲得,媒体ALL_性別男性_リード獲得 - コピー,2233,17,5293,1,banner047,TD001,リード獲得,,,,
2025-10-26,banner048_TD001_1080x1350_リード獲得,AT_IT_リード獲得,媒体ALL_性別男性_リード獲得 - コピー,6714,49,16438,3,banner048,TD001,リード獲得,,,,
2025-10-26,banner015_TD001_1080×1080_リード獲得,AT_IT_リード獲得,媒体ALL_性別男性_リード獲得 - コピー,1541,9,4560,,banner015,TD001,リード獲得,,,,
2025-10-27,banner047_TD001_1080x1350_リード獲得,AT_IT_リード獲得,媒体ALL_性別男性_リード獲得 - コピー,2292,20,5024,1,banner047,TD001,リード獲得,,,,
2025-10-27,banner015_TD001_1080×1080_リード獲得,AT_IT_リード獲得,媒体ALL_性別男性_リード獲得 - コピー,1366,10,4207,,banner015,TD001,リード獲得,,,,
2025-10-27,banner048_TD001_1080x1350_リード獲得,AT_IT_リード獲得,媒体ALL_性別男性_リード獲得 - コピー,5401,41,14905,,banner048,TD001,リード獲得,,,,
2025-10-28,banner048_TD001_1080x1350_リード獲得,AT_IT_リード獲得,媒体ALL_性別男性_リード獲得 - コピー,5241,30,14598,,banner048,TD001,リード獲得,,,,
2025-10-28,banner015_TD001_1080×1080_リード獲得,AT_IT_リード獲得,媒体ALL_性別男性_リード獲得 - コピー,1049,6,3247,,banner015,TD001,リード獲得,,,,
2025-10-28,banner047_TD001_1080x1350_リード獲得,AT_IT_リード獲得,媒体ALL_性別男性_リード獲得 - コピー,1985,15,5169,1,banner047,TD001,リード獲得,,,,
2025-10-29,banner048_TD001_1080x1350_リード獲得,AT_IT_リード獲得,媒体ALL_性別男性_リード獲得 - コピー,4151,22,10322,,banner048,TD001,リード獲得,,,,
2025-10-29,banner049_TD001_1080x1350_リード獲得,AT_IT_リード獲得,媒体ALL_性別男性_リード獲得 - コピー,1148,5,3449,,banner049,TD001,リード獲得,,,,
2025-10-29,banner015_TD001_1080×1080_リード獲得,AT_IT_リード獲得,媒体ALL_性別男性_リード獲得 - コピー,1044,7,3981,,banner015,TD001,リード獲得,,,,
2025-10-29,banner047_TD001_1080x1350_リード獲得,AT_IT_リード獲得,媒体ALL_性別男性_リード獲得 - コピー,2310,15,6722,2,banner047,TD001,リード獲得,,,,
2025-10-30,banner048_TD001_1080x1350_リード獲得,AT_IT_リード獲得,媒体ALL_性別男性_リード獲得 - コピー,2054,18,4530,,banner048,TD001,リード獲得,,,,
2025-10-30,banner047_TD001_1080x1350_リード獲得,AT_IT_リード獲得,媒体ALL_性別男性_リード獲得 - コピー,1266,5,3827,,banner047,TD001,リード獲得,,,,
2025-10-30,banner015_TD001_1080×1080_リード獲得,AT_IT_リード獲得,媒体ALL_性別男性_リード獲得 - コピー,453,4,1669,,banner015,TD001,リード獲得,,,,
2025-10-30,banner049_TD001_1080x1350_リード獲得,AT_IT_リード獲得,媒体ALL_性別男性_リード獲得 - コピー,4363,32,13458,2,banner049,TD001,リード獲得,,,,
2025-10-31,banner015_TD001_1080×1080_リード獲得,AT_IT_リード獲得,媒体ALL_性別男性_リード獲得 - コピー,436,5,1289,,banner015,TD001,リード獲得,,,,
2025-10-31,banner048_TD001_1080x1350_リード獲得,AT_IT_リード獲得,媒体ALL_性別男性_リード獲得 - コピー,1805,15,3749,,banner048,TD001,リード獲得,,,,
2025-10-31,banner047_TD001_1080x1350_リード獲得,AT_IT_リード獲得,媒体ALL_性別男性_リード獲得 - コピー,1138,10,2237,1,banner047,TD001,リード獲得,,,,
2025-10-31,banner049_TD001_1080x1350_リード獲得,AT_IT_リード獲得,媒体ALL_性別男性_リード獲得 - コピー,4953,25,15599,,banner049,TD001,リード獲得,,,,
2025-11-01,banner049_TD001_1080x1350_リード獲得,AT_IT_リード獲得,媒体ALL_性別男性_リード獲得 - コピー,3801,29,12277,,banner049,TD001,リード獲得,,,,
2025-11-01,banner048_TD001_1080x1350_リード獲得,AT_IT_リード獲得,媒体ALL_性別男性_リード獲得 - コピー,2790,17,5888,1,banner048,TD001,リード獲得,,,,
2025-11-01,banner047_TD001_1080x1350_リード獲得,AT_IT_リード獲得,媒体ALL_性別男性_リード獲得 - コピー,2003,17,3817,1,banner047,TD001,リード獲得,,,,
2025-11-01,banner015_TD001_1080×1080_リード獲得,AT_IT_リード獲得,媒体ALL_性別男性_リード獲得 - コピー,650,5,1608,,banner015,TD001,リード獲得,,,,
2025-11-02,banner047_TD001_1080x1350_リード獲得,AT_IT_リード獲得,媒体ALL_性別男性_リード獲得 - コピー,2830,25,5547,,banner047,TD001,リード獲得,,,,
2025-11-02,banner015_TD001_1080×1080_リード獲得,AT_IT_リード獲得,媒体ALL_性別男性_リード獲得 - コピー,607,4,1767,,banner015,TD001,リード獲得,,,,
2025-11-02,banner048_TD001_1080x1350_リード獲得,AT_IT_リード獲得,媒体ALL_性別男性_リード獲得 - コピー,2410,22,6810,1,banner048,TD001,リード獲得,,,,
2025-11-02,banner049_TD001_1080x1350_リード獲得,AT_IT_リード獲得,媒体ALL_性別男性_リード獲得 - コピー,3469,23,12644,1,banner049,TD001,リード獲得,,,,
2025-11-03,banner049_TD001_1080x1350_リード獲得,AT_IT_リード獲得,媒体ALL_性別男性_リード獲得 - コピー,3948,28,13837,2,banner049,TD001,リード獲得,,,,
2025-11-03,banner015_TD001_1080×1080_リード獲得,AT_IT_リード獲得,媒体ALL_性別男性_リード獲得 - コピー,458,3,1687,,banner015,TD001,リード獲得,,,,
2025-11-03,banner048_TD001_1080x1350_リード獲得,AT_IT_リード獲得,媒体ALL_性別男性_リード獲得 - コピー,1585,12,4173,1,banner048,TD001,リード獲得,,,,
2025-11-03,banner047_TD001_1080x1350_リード獲得,AT_IT_リード獲得,媒体ALL_性別男性_リード獲得 - コピー,2799,22,5256,,banner047,TD001,リード獲得,,,,
2025-11-04,banner015_TD001_1080×1080_リード獲得,AT_IT_リード獲得,媒体ALL_性別男性_リード獲得 - コピー,322,1,919,,banner015,TD001,リード獲得,,,,
2025-11-04,banner047_TD001_1080x1350_リード獲得,AT_IT_リード獲得,媒体ALL_性別男性_リード獲得 - コピー,2559,25,5041,3,banner047,TD001,リード獲得,,,,
2025-11-04,banner049_TD001_1080x1350_リード獲得,AT_IT_リード獲得,媒体ALL_性別男性_リード獲得 - コピー,4607,28,14980,2,banner049,TD001,リード獲得,,,,
2025-11-04,banner048_TD001_1080x1350_リード獲得,AT_IT_リード獲得,媒体ALL_性別男性_リード獲得 - コピー,1066,6,2823,,banner048,TD001,リード獲得,,,,
2025-11-05,banner015_TD001_1080×1080_リード獲得,AT_IT_リード獲得,媒体ALL_性別男性_リード獲得 - コピー,493,5,1283,,banner015,TD001,リード獲得,,,,
2025-11-05,banner048_TD001_1080x1350_リード獲得,AT_IT_リード獲得,媒体ALL_性別男性_リード獲得 - コピー,1007,6,2332,,banner048,TD001,リード獲得,,,,
2025-11-05,banner049_TD001_1080x1350_リード獲得,AT_IT_リード獲得,媒体ALL_性別男性_リード獲得 - コピー,4279,30,12442,,banner049,TD001,リード獲得,,,,
2025-11-05,banner047_TD001_1080x1350_リード獲得,AT_IT_リード獲得,媒体ALL_性別男性_リード獲得 - コピー,3841,25,6032,,banner047,TD001,リード獲得,,,,
2025-11-06,banner049_TD001_1080x1350_リード獲得,AT_IT_リード獲得,媒体ALL_性別男性_リード獲得 - コピー,2956,23,8139,1,banner049,TD001,リード獲得,,,,
2025-11-06,banner030_TD001_1080×1080_リード獲得,AT_IT_リード獲得,媒体ALL_性別男性_リード獲得 - コピー,1760,8,3861,,banner030,TD001,リード獲得,,,,
2025-11-06,banner048_TD001_1080x1350_リード獲得,AT_IT_リード獲得,媒体ALL_性別男性_リード獲得 - コピー,1197,8,2557,,banner048,TD001,リード獲得,,,,
2025-11-06,banner047_TD001_1080x1350_リード獲得,AT_IT_リード獲得,媒体ALL_性別男性_リード獲得 - コピー,4288,24,7167,,banner047,TD001,リード獲得,,,,
2025-11-06,banner015_TD001_1080×1080_リード獲得,AT_IT_リード獲得,媒体ALL_性別男性_リード獲得 - コピー,257,2,994,,banner015,TD001,リード獲得,,,,
2025-11-07,banner030_TD001_1080×1080_リード獲得,AT_IT_リード獲得,媒体ALL_性別男性_リード獲得 - コピー,3991,30,10410,,banner030,TD001,リード獲得,,,,
2025-11-07,banner048_TD001_1080x1350_リード獲得,AT_IT_リード獲得,媒体ALL_性別男性_リード獲得 - コピー,1350,11,3047,1,banner048,TD001,リード獲得,,,,
2025-11-07,banner049_TD001_1080x1350_リード獲得,AT_IT_リード獲得,媒体ALL_性別男性_リード獲得 - コピー,1719,21,5517,1,banner049,TD001,リード獲得,,,,
2025-11-07,banner047_TD001_1080x1350_リード獲得,AT_IT_リード獲得,媒体ALL_性別男性_リード獲得 - コピー,2435,20,4274,1,banner047,TD001,リード獲得,,,,
2025-11-08,banner030_TD001_1080×1080_リード獲得,AT_IT_リード獲得,媒体ALL_性別男性_リード獲得 - コピー,3450,21,8557,1,banner030,TD001,リード獲得,,,,
2025-11-08,banner047_TD001_1080x1350_リード獲得,AT_IT_リード獲得,媒体ALL_性別男性_リード獲得 - コピー,3557,33,5679,1,banner047,TD001,リード獲得,,,,
2025-11-08,banner048_TD001_1080x1350_リード獲得,AT_IT_リード獲得,媒体ALL_性別男性_リード獲得 - コピー,1303,8,2930,,banner048,TD001,リード獲得,,,,
2025-11-08,banner049_TD001_1080x1350_リード獲得,AT_IT_リード獲得,媒体ALL_性別男性_リード獲得 - コピー,1921,26,7074,1,banner049,TD001,リード獲得,,,,
2025-11-09,banner049_TD001_1080x1350_リード獲得,AT_IT_リード獲得,媒体ALL_性別男性_リード獲得 - コピー,802,10,2267,,banner049,TD001,リード獲得,,,,
2025-11-09,banner030_TD001_1080×1080_リード獲得,AT_IT_リード獲得,媒体ALL_性別男性_リード獲得 - コピー,7250,60,15495,3,banner030,TD001,リード獲得,,,,
2025-11-09,banner047_TD001_1080x1350_リード獲得,AT_IT_リード獲得,媒体ALL_性別男性_リード獲得 - コピー,4485,33,6245,,banner047,TD001,リード獲得,,,,
2025-11-09,banner048_TD001_1080x1350_リード獲得,AT_IT_リード獲得,媒体ALL_性別男性_リード獲得 - コピー,990,5,1911,,banner048,TD001,リード獲得,,,,
2025-11-10,banner030_TD001_1080×1080_リード獲得,AT_IT_リード獲得,媒体ALL_性別男性_リード獲得 - コピー,4345,27,11224,2,banner030,TD001,リード獲得,,,,
2025-11-10,banner047_TD001_1080x1350_リード獲得,AT_IT_リード獲得,媒体ALL_性別男性_リード獲得 - コピー,4801,33,7034,,banner047,TD001,リード獲得,,,,
2025-11-10,banner048_TD001_1080x1350_リード獲得,AT_IT_リード獲得,媒体ALL_性別男性_リード獲得 - コピー,857,3,1510,,banner048,TD001,リード獲得,,,,
2025-11-10,banner049_TD001_1080x1350_リード獲得,AT_IT_リード獲得,媒体ALL_性別男性_リード獲得 - コピー,1404,9,4042,1,banner049,TD001,リード獲得,,,,
2025-11-11,banner047_TD001_1080x1350_リード獲得,AT_IT_リード獲得,媒体ALL_性別男性_リード獲得 - コピー,6363,35,10330,1,banner047,TD001,リード獲得,,,,
2025-11-11,banner030_TD001_1080×1080_リード獲得,AT_IT_リード獲得,媒体ALL_性別男性_リード獲得 - コピー,2863,24,6414,2,banner030,TD001,リード獲得,,,,
2025-11-11,banner049_TD001_1080x1350_リード獲得,AT_IT_リード獲得,媒体ALL_性別男性_リード獲得 - コピー,1428,12,5705,,banner049,TD001,リード獲得,,,,
2025-11-11,banner048_TD001_1080x1350_リード獲得,AT_IT_リード獲得,媒体ALL_性別男性_リード獲得 - コピー,1118,6,2182,,banner048,TD001,リード獲得,,,,
2025-11-12,banner030_TD001_1080×1080_リード獲得,AT_IT_リード獲得,媒体ALL_性別男性_リード獲得 - コピー,2467,17,6136,1,banner030,TD001,リード獲得,,,,
2025-11-12,banner049_TD001_1080x1350_リード獲得,AT_IT_リード獲得,媒体ALL_性別男性_リード獲得 - コピー,1659,12,5597,,banner049,TD001,リード獲得,,,,
2025-11-12,banner048_TD001_1080x1350_リード獲得,AT_IT_リード獲得,媒体ALL_性別男性_リード獲得 - コピー,1004,9,2396,,banner048,TD001,リード獲得,,,,
2025-11-12,banner047_TD001_1080x1350_リード獲得,AT_IT_リード獲得,媒体ALL_性別男性_リード獲得 - コピー,5686,39,9706,3,banner047,TD001,リード獲得,,,,
2025-11-13,banner049_TD001_1080x1350_リード獲得,AT_IT_リード獲得,媒体ALL_性別男性_リード獲得 - コピー,2080,15,6315,1,banner049,TD001,リード獲得,,,,
2025-11-13,banner048_TD001_1080x1350_リード獲得,AT_IT_リード獲得,媒体ALL_性別男性_リード獲得 - コピー,970,10,2028,1,banner048,TD001,リード獲得,,,,
2025-11-13,banner047_TD001_1080x1350_リード獲得,AT_IT_リード獲得,媒体ALL_性別男性_リード獲得 - コピー,3367,23,5686,,banner047,TD001,リード獲得,,,,
2025-11-13,banner030_TD001_1080×1080_リード獲得,AT_IT_リード獲得,媒体ALL_性別男性_リード獲得 - コピー,2801,22,8598,,banner030,TD001,リード獲得,,,,
2025-11-14,banner047_TD001_1080x1350_リード獲得,AT_IT_リード獲得,媒体ALL_性別男性_リード獲得 - コピー,1909,19,3623,1,banner047,TD001,リード獲得,,,,
2025-11-14,banner030_TD001_1080×1080_リード獲得,AT_IT_リード獲得,媒体ALL_性別男性_リード獲得 - コピー,3033,26,9245,1,banner030,TD001,リード獲得,,,,
2025-11-14,banner048_TD001_1080x1350_リード獲得,AT_IT_リード獲得,媒体ALL_性別男性_リード獲得 - コピー,1047,8,2533,,banner048,TD001,リード獲得,,,,
2025-11-14,banner049_TD001_1080x1350_リード獲得,AT_IT_リード獲得,媒体ALL_性別男性_リード獲得 - コピー,2061,15,7429,1,banner049,TD001,リード獲得,,,,
2025-11-15,banner048_TD001_1080x1350_リード獲得,AT_IT_リード獲得,媒体ALL_性別男性_リード獲得 - コピー,1156,6,2191,,banner048,TD001,リード獲得,,,,
2025-11-15,banner030_TD001_1080×1080_リード獲得,AT_IT_リード獲得,媒体ALL_性別男性_リード獲得 - コピー,8759,71,21153,2,banner030,TD001,リード獲得,,,,
2025-11-15,banner049_TD001_1080x1350_リード獲得,AT_IT_リード獲得,媒体ALL_性別男性_リード獲得 - コピー,67,,271,,banner049,TD001,リード獲得,,,,
2025-11-15,banner047_TD001_1080x1350_リード獲得,AT_IT_リード獲得,媒体ALL_性別男性_リード獲得 - コピー,379,7,642,,banner047,TD001,リード獲得,,,,
2025-11-16,banner030_TD001_1080×1080_リード獲得,AT_IT_リード獲得,媒体ALL_性別男性_リード獲得 - コピー,6811,53,14654,,banner030,TD001,リード獲得,,,,
2025-11-16,banner047_TD001_1080x1350_リード獲得,AT_IT_リード獲得,媒体ALL_性別男性_リード獲得 - コピー,1589,12,2511,,banner047,TD001,リード獲得,,,,
2025-11-16,banner048_TD001_1080x1350_リード獲得,AT_IT_リード獲得,媒体ALL_性別男性_リード獲得 - コピー,1273,10,2237,,banner048,TD001,リード獲得,,,,
2025-11-16,banner049_TD001_1080x1350_リード獲得,AT_IT_リード獲得,媒体ALL_性別男性_リード獲得 - コピー,2209,12,5255,,banner049,TD001,リード獲得,,,,
2025-11-17,banner030_TD001_1080×1080_リード獲得,AT_IT_リード獲得,媒体ALL_性別男性_リード獲得 - コピー,3595,28,8689,2,banner030,TD001,リード獲得,,,,
2025-11-17,banner047_TD001_1080x1350_リード獲得,AT_IT_リード獲得,媒体ALL_性別男性_リード獲得 - コピー,3404,34,5227,1,banner047,TD001,リード獲得,,,,
2025-11-17,banner048_TD001_1080x1350_リード獲得,AT_IT_リード獲得,媒体ALL_性別男性_リード獲得 - コピー,1843,17,4344,,banner048,TD001,リード獲得,,,,
2025-11-17,banner049_TD001_1080x1350_リード獲得,AT_IT_リード獲得,媒体ALL_性別男性_リード獲得 - コピー,1928,13,7027,2,banner049,TD001,リード獲得,,,,
2025-11-18,banner030_TD001_1080×1080_リード獲得,AT_IT_リード獲得,媒体ALL_性別男性_リード獲得 - コピー,2911,22,8451,1,banner030,TD001,リード獲得,,,,
2025-11-18,banner047_TD001_1080x1350_リード獲得,AT_IT_リード獲得,媒体ALL_性別男性_リード獲得 - コピー,2290,13,4995,,banner047,TD001,リード獲得,,,,
2025-11-18,banner048_TD001_1080x1350_リード獲得,AT_IT_リード獲得,媒体ALL_性別男性_リード獲得 - コピー,1092,11,2760,,banner048,TD001,リード獲得,,,,
2025-11-18,banner049_TD001_1080x1350_リード獲得,AT_IT_リード獲得,媒体ALL_性別男性_リード獲得 - コピー,3041,24,8890,,banner049,TD001,リード獲得,,,,
2025-11-19,banner048_TD001_1080x1350_リード獲得,AT_IT_リード獲得,媒体ALL_性別男性_リード獲得 - コピー,1435,9,3579,,banner048,TD001,リード獲得,,,,
2025-11-19,banner030_TD001_1080×1080_リード獲得,AT_IT_リード獲得,媒体ALL_性別男性_リード獲得 - コピー,2525,17,7558,1,banner030,TD001,リード獲得,,,,
2025-11-19,banner049_TD001_1080x1350_リード獲得,AT_IT_リード獲得,媒体ALL_性別男性_リード獲得 - コピー,2357,12,8346,1,banner049,TD001,リード獲得,,,,
2025-11-19,banner047_TD001_1080x1350_リード獲得,AT_IT_リード獲得,媒体ALL_性別男性_リード獲得 - コピー,2170,14,4109,,banner047,TD001,リード獲得,,,,
2025-11-20,banner030_TD001_1080×1080_リード獲得,AT_IT_リード獲得,媒体ALL_性別男性_リード獲得 - コピー,2852,26,7509,,banner030,TD001,リード獲得,,,,
2025-11-20,banner047_TD001_1080x1350_リード獲得,AT_IT_リード獲得,媒体ALL_性別男性_リード獲得 - コピー,1755,8,3291,,banner047,TD001,リード獲得,,,,
2025-11-20,banner048_TD001_1080x1350_リード獲得,AT_IT_リード獲得,媒体ALL_性別男性_リード獲得 - コピー,1253,16,3213,,banner048,TD001,リード獲得,,,,
2025-11-20,banner049_TD001_1080x1350_リード獲得,AT_IT_リード獲得,媒体ALL_性別男性_リード獲得 - コピー,2751,20,8407,,banner049,TD001,リード獲得,,,,
2025-11-21,banner048_TD001_1080x1350_リード獲得,AT_IT_リード獲得,媒体ALL_性別男性_リード獲得 - コピー,903,4,2431,,banner048,TD001,リード獲得,,,,
2025-11-21,banner030_TD001_1080×1080_リード獲得,AT_IT_リード獲得,媒体ALL_性別男性_リード獲得 - コピー,2019,16,6673,,banner030,TD001,リード獲得,,,,
2025-11-21,banner047_TD001_1080x1350_リード獲得,AT_IT_リード獲得,媒体ALL_性別男性_リード獲得 - コピー,1138,4,2593,,banner047,TD001,リード獲得,,,,
2025-11-21,banner049_TD001_1080x1350_リード獲得,AT_IT_リード獲得,媒体ALL_性別男性_リード獲得 - コピー,1285,12,4081,,banner049,TD001,リード獲得,,,,
2025-11-23,banner049_TD001_1080x1350_リード獲得,AT_IT_リード獲得,媒体ALL_性別男性_リード獲得 - コピー,1208,9,4360,,banner049,TD001,リード獲得,,,,
2025-11-23,banner030_TD001_1080×1080_リード獲得,AT_IT_リード獲得,媒体ALL_性別男性_リード獲得 - コピー,4977,46,14514,2,banner030,TD001,リード獲得,,,,
2025-11-23,banner047_TD001_1080x1350_リード獲得,AT_IT_リード獲得,媒体ALL_性別男性_リード獲得 - コピー,2414,20,4685,,banner047,TD001,リード獲得,,,,
2025-11-23,banner048_TD001_1080x1350_リード獲得,AT_IT_リード獲得,媒体ALL_性別男性_リード獲得 - コピー,676,11,2442,,banner048,TD001,リード獲得,,,,
2025-11-24,banner030_TD001_1080×1080_リード獲得,AT_IT_リード獲得,媒体ALL_性別男性_リード獲得 - コピー,3255,30,9653,2,banner030,TD001,リード獲得,,,,
2025-11-24,banner047_TD001_1080x1350_リード獲得,AT_IT_リード獲得,媒体ALL_性別男性_リード獲得 - コピー,2946,14,5840,,banner047,TD001,リード獲得,,,,
2025-11-24,banner048_TD001_1080x1350_リード獲得,AT_IT_リード獲得,媒体ALL_性別男性_リード獲得 - コピー,1397,7,3252,,banner048,TD001,リード獲得,,,,
2025-11-24,banner049_TD001_1080x1350_リード獲得,AT_IT_リード獲得,媒体ALL_性別男性_リード獲得 - コピー,1448,17,6765,1,banner049,TD001,リード獲得,,,,
2025-11-25,banner030_TD001_1080×1080_リード獲得,AT_IT_リード獲得,媒体ALL_性別男性_リード獲得 - コピー,3843,35,10976,,banner030,TD001,リード獲得,,,,
2025-11-25,banner049_TD001_1080x1350_リード獲得,AT_IT_リード獲得,媒体ALL_性別男性_リード獲得 - コピー,1751,15,6397,1,banner049,TD001,リード獲得,,,,
2025-11-25,banner048_TD001_1080x1350_リード獲得,AT_IT_リード獲得,媒体ALL_性別男性_リード獲得 - コピー,796,4,3034,,banner048,TD001,リード獲得,,,,
2025-11-25,banner047_TD001_1080x1350_リード獲得,AT_IT_リード獲得,媒体ALL_性別男性_リード獲得 - コピー,1048,6,2442,,banner047,TD001,リード獲得,,,,
2025-11-26,banner049_TD001_1080x1350_リード獲得,AT_IT_リード獲得,媒体ALL_性別男性_リード獲得 - コピー,1290,6,6266,,banner049,TD001,リード獲得,,,,
2025-11-26,banner048_TD001_1080x1350_リード獲得,AT_IT_リード獲得,媒体ALL_性別男性_リード獲得 - コピー,257,4,956,,banner048,TD001,リード獲得,,,,
2025-11-26,banner047_TD001_1080x1350_リード獲得,AT_IT_リード獲得,媒体ALL_性別男性_リード獲得 - コピー,397,7,1309,,banner047,TD001,リード獲得,,,,
2025-11-26,banner030_TD001_1080×1080_リード獲得,AT_IT_リード獲得,媒体ALL_性別男性_リード獲得 - コピー,4563,49,15606,2,banner030,TD001,リード獲得,,,,
2025-11-27,banner047_TD001_1080x1350_リード獲得,AT_IT_リード獲得,媒体ALL_性別男性_リード獲得 - コピー,411,4,1448,,banner047,TD001,リード獲得,,,,
2025-11-27,banner030_TD001_1080×1080_リード獲得,AT_IT_リード獲得,媒体ALL_性別男性_リード獲得 - コピー,3092,21,11480,1,banner030,TD001,リード獲得,,,,
2025-11-27,banner048_TD001_1080x1350_リード獲得,AT_IT_リード獲得,媒体ALL_性別男性_リード獲得 - コピー,470,2,2546,,banner048,TD001,リード獲得,,,,
2025-11-27,banner049_TD001_1080x1350_リード獲得,AT_IT_リード獲得,媒体ALL_性別男性_リード獲得 - コピー,1963,20,8309,1,banner049,TD001,リード獲得,,,,
2025-11-28,banner030_TD001_1080×1080_リード獲得,AT_IT_リード獲得,媒体ALL_性別男性_リード獲得 - コピー,3141,28,10396,,banner030,TD001,リード獲得,,,,
2025-11-28,banner047_TD001_1080x1350_リード獲得,AT_IT_リード獲得,媒体ALL_性別男性_リード獲得 - コピー,388,2,1471,,banner047,TD001,リード獲得,,,,
2025-11-28,banner048_TD001_1080x1350_リード獲得,AT_IT_リード獲得,媒体ALL_性別男性_リード獲得 - コピー,493,4,2125,,banner048,TD001,リード獲得,,,,
2025-11-28,banner049_TD001_1080x1350_リード獲得,AT_IT_リード獲得,媒体ALL_性別男性_リード獲得 - コピー,1926,21,8167,1,banner049,TD001,リード獲得,,,,
2025-11-29,banner048_TD001_1080x1350_リード獲得,AT_IT_リード獲得,媒体ALL_性別男性_リード獲得 - コピー,102,1,617,,banner048,TD001,リード獲得,,,,
2025-11-29,banner030_TD001_1080×1080_リード獲得,AT_IT_リード獲得,媒体ALL_性別男性_リード獲得 - コピー,5712,52,19392,2,banner030,TD001,リード獲得,,,,
2025-11-29,banner047_TD001_1080x1350_リード獲得,AT_IT_リード獲得,媒体ALL_性別男性_リード獲得 - コピー,23,,87,,banner047,TD001,リード獲得,,,,
2025-11-29,banner049_TD001_1080x1350_リード獲得,AT_IT_リード獲得,媒体ALL_性別男性_リード獲得 - コピー,884,4,3293,1,banner049,TD001,リード獲得,,,,
2025-11-30,banner049_TD001_1080x1350_リード獲得,AT_IT_リード獲得,媒体ALL_性別男性_リード獲得 - コピー,1907,25,6452,,banner049,TD001,リード獲得,,,,
2025-11-30,banner047_TD001_1080x1350_リード獲得,AT_IT_リード獲得,媒体ALL_性別男性_リード獲得 - コピー,416,6,887,1,banner047,TD001,リード獲得,,,,
2025-11-30,banner030_TD001_1080×1080_リード獲得,AT_IT_リード獲得,媒体ALL_性別男性_リード獲得 - コピー,6695,62,18793,,banner030,TD001,リード獲得,,,,
2025-11-30,banner048_TD001_1080x1350_リード獲得,AT_IT_リード獲得,媒体ALL_性別男性_リード獲得 - コピー,448,1,1438,,banner048,TD001,リード獲得,,,,
2025-12-01,banner049_TD001_1080x1350_リード獲得,AT_IT_リード獲得,媒体ALL_性別男性_リード獲得 - コピー,2210,19,9986,,banner049,TD001,リード獲得,,,,
2025-12-01,banner048_TD001_1080x1350_リード獲得,AT_IT_リード獲得,媒体ALL_性別男性_リード獲得 - コピー,581,5,2468,,banner048,TD001,リード獲得,,,,
2025-12-01,banner047_TD001_1080x1350_リード獲得,AT_IT_リード獲得,媒体ALL_性別男性_リード獲得 - コピー,748,7,2335,1,banner047,TD001,リード獲得,,,,
2025-12-01,banner030_TD001_1080×1080_リード獲得,AT_IT_リード獲得,媒体ALL_性別男性_リード獲得 - コピー,2863,31,9829,2,banner030,TD001,リード獲得,,,,
2025-12-02,banner048_TD001_1080x1350_リード獲得,AT_IT_リード獲得,媒体ALL_性別男性_リード獲得 - コピー,392,1,1585,,banner048,TD001,リード獲得,,,,
2025-12-02,banner030_TD001_1080×1080_リード獲得,AT_IT_リード獲得,媒体ALL_性別男性_リード獲得 - コピー,4413,44,11377,,banner030,TD001,リード獲得,,,,
2025-12-02,banner049_TD001_1080x1350_リード獲得,AT_IT_リード獲得,媒体ALL_性別男性_リード獲得 - コピー,2428,25,8584,,banner049,TD001,リード獲得,,,,
2025-12-02,banner047_TD001_1080x1350_リード獲得,AT_IT_リード獲得,媒体ALL_性別男性_リード獲得 - コピー,735,7,2281,,banner047,TD001,リード獲得,,,,
2025-12-03,banner030_TD001_1080×1080_リード獲得,AT_IT_リード獲得,媒体ALL_性別男性_リード獲得 - コピー,5081,41,14556,1,banner030,TD001,リード獲得,,,,
2025-12-03,banner047_TD001_1080x1350_リード獲得,AT_IT_リード獲得,媒体ALL_性別男性_リード獲得 - コピー,394,1,1055,,banner047,TD001,リード獲得,,,,
2025-12-03,banner048_TD001_1080x1350_リード獲得,AT_IT_リード獲得,媒体ALL_性別男性_リード獲得 - コピー,148,1,526,,banner048,TD001,リード獲得,,,,
2025-12-03,banner049_TD001_1080x1350_リード獲得,AT_IT_リード獲得,媒体ALL_性別男性_リード獲得 - コピー,2322,17,8378,1,banner049,TD001,リード獲得,,,,
2025-12-04,banner030_TD001_1080×1080_リード獲得,AT_IT_リード獲得,媒体ALL_性別男性_リード獲得 - コピー,6913,60,20279,4,banner030,TD001,リード獲得,,,,
2025-12-04,banner049_TD001_1080x1350_リード獲得,AT_IT_リード獲得,媒体ALL_性別男性_リード獲得 - コピー,1976,15,6977,,banner049,TD001,リード獲得,,,,
2025-12-05,banner030_TD001_1080×1080_リード獲得,AT_IT_リード獲得,媒体ALL_性別男性_リード獲得 - コピー,10814,96,27550,2,banner030,TD001,リード獲得,,,,
2025-12-05,banner049_TD001_1080x1350_リード獲得,AT_IT_リード獲得,媒体ALL_性別男性_リード獲得 - コピー,12,,45,,banner049,TD001,リード獲得,,,,
2025-12-06,banner050_TD001_1080x1350_リード獲得,AT_IT_リード獲得,媒体ALL_性別男性_リード獲得 - コピー,36,2,156,,banner050,TD001,リード獲得,,,,
2025-12-06,banner051_TD001_1080x1350_リード獲得,AT_IT_リード獲得,媒体ALL_性別男性_リード獲得 - コピー,1201,6,3437,,banner051,TD001,リード獲得,,,,
2025-12-06,banner030_TD001_1080×1080_リード獲得,AT_IT_リード獲得,媒体ALL_性別男性_リード獲得 - コピー,7820,82,19786,1,banner030,TD001,リード獲得,,,,
2025-12-06,banner049_TD001_1080x1350_リード獲得,AT_IT_リード獲得,媒体ALL_性別男性_リード獲得 - コピー,926,10,3674,1,banner049,TD001,リード獲得,,,,
2025-12-07,banner030_TD001_1080×1080_リード獲得,AT_IT_リード獲得,媒体ALL_性別男性_リード獲得 - コピー,10303,111,22291,2,banner030,TD001,リード獲得,,,,
2025-12-07,banner049_TD001_1080x1350_リード獲得,AT_IT_リード獲得,媒体ALL_性別男性_リード獲得 - コピー,1515,15,4780,,banner049,TD001,リード獲得,,,,
2025-12-07,banner050_TD001_1080x1350_リード獲得,AT_IT_リード獲得,媒体ALL_性別男性_リード獲得 - コピー,40,2,149,,banner050,TD001,リード獲得,,,,
2025-12-07,banner051_TD001_1080x1350_リード獲得,AT_IT_リード獲得,媒体ALL_性別男性_リード獲得 - コピー,1216,12,3088,,banner051,TD001,リード獲得,,,,
2025-12-08,banner049_TD001_1080x1350_リード獲得,AT_IT_リード獲得,媒体ALL_性別男性_リード獲得 - コピー,2509,31,7693,,banner049,TD001,リード獲得,,,,
2025-12-08,banner051_TD001_1080x1350_リード獲得,AT_IT_リード獲得,媒体ALL_性別男性_リード獲得 - コピー,1020,7,3144,,banner051,TD001,リード獲得,,,,
2025-12-08,banner050_TD001_1080x1350_リード獲得,AT_IT_リード獲得,媒体ALL_性別男性_リード獲得 - コピー,296,1,1173,,banner050,TD001,リード獲得,,,,
2025-12-08,banner030_TD001_1080×1080_リード獲得,AT_IT_リード獲得,媒体ALL_性別男性_リード獲得 - コピー,7567,67,16359,,banner030,TD001,リード獲得,,,,
2025-12-09,banner051_TD001_1080x1350_リード獲得,AT_IT_リード獲得,媒体ALL_性別男性_リード獲得 - コピー,698,7,2292,,banner051,TD001,リード獲得,,,,
2025-12-09,banner050_TD001_1080x1350_リード獲得,AT_IT_リード獲得,媒体ALL_性別男性_リード獲得 - コピー,426,4,1821,,banner050,TD001,リード獲得,,,,
2025-12-09,banner030_TD001_1080×1080_リード獲得,AT_IT_リード獲得,媒体ALL_性別男性_リード獲得 - コピー,7739,87,20129,2,banner030,TD001,リード獲得,,,,
2025-12-09,banner049_TD001_1080x1350_リード獲得,AT_IT_リード獲得,媒体ALL_性別男性_リード獲得 - コピー,934,7,3819,,banner049,TD001,リード獲得,,,,
2025-12-10,banner030_TD001_1080×1080_リード獲得,AT_IT_リード獲得,媒体ALL_性別男性_リード獲得 - コピー,5610,67,16601,2,banner030,TD001,リード獲得,,,,
2025-12-10,banner049_TD001_1080x1350_リード獲得,AT_IT_リード獲得,媒体ALL_性別男性_リード獲得 - コピー,1402,17,5017,1,banner049,TD001,リード獲得,,,,
2025-12-10,banner050_TD001_1080x1350_リード獲得,AT_IT_リード獲得,媒体ALL_性別男性_リード獲得 - コピー,712,6,2936,,banner050,TD001,リード獲得,,,,
2025-12-10,banner051_TD001_1080x1350_リード獲得,AT_IT_リード獲得,媒体ALL_性別男性_リード獲得 - コピー,1180,12,3197,,banner051,TD001,リード獲得,,,,
2025-12-11,banner051_TD001_1080x1350_リード獲得,AT_IT_リード獲得,媒体ALL_性別男性_リード獲得 - コピー,1840,14,5915,1,banner051,TD001,リード獲得,,,,
2025-12-11,banner030_TD001_1080×1080_リード獲得,AT_IT_リード獲得,媒体ALL_性別男性_リード獲得 - コピー,5800,75,14987,1,banner030,TD001,リード獲得,,,,
2025-12-11,banner049_TD001_1080x1350_リード獲得,AT_IT_リード獲得,媒体ALL_性別男性_リード獲得 - コピー,1224,14,4006,,banner049,TD001,リード獲得,,,,
2025-12-11,banner050_TD001_1080x1350_リード獲得,AT_IT_リード獲得,媒体ALL_性別男性_リード獲得 - コピー,413,2,2192,,banner050,TD001,リード獲得,,,,
2025-12-12,banner051_TD001_1080x1350_リード獲得,AT_IT_リード獲得,媒体ALL_性別男性_リード獲得 - コピー,1310,6,5433,,banner051,TD001,リード獲得,,,,
2025-12-12,banner030_TD001_1080×1080_リード獲得,AT_IT_リード獲得,媒体ALL_性別男性_リード獲得 - コピー,5682,63,15984,,banner030,TD001,リード獲得,,,,
2025-12-12,banner049_TD001_1080x1350_リード獲得,AT_IT_リード獲得,媒体ALL_性別男性_リード獲得 - コピー,1182,10,4396,,banner049,TD001,リード獲得,,,,
2025-12-12,banner050_TD001_1080x1350_リード獲得,AT_IT_リード獲得,媒体ALL_性別男性_リード獲得 - コピー,385,7,1430,1,banner050,TD001,リード獲得,,,,
2025-12-13,banner051_TD001_1080x1350_リード獲得,AT_IT_リード獲得,媒体ALL_性別男性_リード獲得 - コピー,945,8,4486,1,banner051,TD001,リード獲得,,,,
2025-12-13,banner050_TD001_1080x1350_リード獲得,AT_IT_リード獲得,媒体ALL_性別男性_リード獲得 - コピー,588,4,2256,,banner050,TD001,リード獲得,,,,
2025-12-13,banner049_TD001_1080x1350_リード獲得,AT_IT_リード獲得,媒体ALL_性別男性_リード獲得 - コピー,1255,15,4602,,banner049,TD001,リード獲得,,,,
2025-12-13,banner030_TD001_1080×1080_リード獲得,AT_IT_リード獲得,媒体ALL_性別男性_リード獲得 - コピー,5687,59,15758,2,banner030,TD001,リード獲得,,,,
2025-12-14,banner051_TD001_1080x1350_リード獲得,AT_IT_リード獲得,媒体ALL_性別男性_リード獲得 - コピー,1202,13,3604,2,banner051,TD001,リード獲得,,,,
2025-12-14,banner030_TD001_1080×1080_リード獲得,AT_IT_リード獲得,媒体ALL_性別男性_リード獲得 - コピー,7288,64,18515,1,banner030,TD001,リード獲得,,,,
2025-12-14,banner049_TD001_1080x1350_リード獲得,AT_IT_リード獲得,媒体ALL_性別男性_リード獲得 - コピー,1814,18,6595,,banner049,TD001,リード獲得,,,,
2025-12-14,banner050_TD001_1080x1350_リード獲得,AT_IT_リード獲得,媒体ALL_性別男性_リード獲得 - コピー,519,3,1973,,banner050,TD001,リード獲得,,,,
2025-12-15,banner050_TD001_1080x1350_リード獲得,AT_IT_リード獲得,媒体ALL_性別男性_リード獲得 - コピー,396,3,1653,,banner050,TD001,リード獲得,,,,
2025-12-15,banner051_TD001_1080x1350_リード獲得,AT_IT_リード獲得,媒体ALL_性別男性_リード獲得 - コピー,1610,18,7480,1,banner051,TD001,リード獲得,,,,
2025-12-15,banner049_TD001_1080x1350_リード獲得,AT_IT_リード獲得,媒体ALL_性別男性_リード獲得 - コピー,1172,8,4091,,banner049,TD001,リード獲得,,,,
2025-12-15,banner030_TD001_1080×1080_リード獲得,AT_IT_リード獲得,媒体ALL_性別男性_リード獲得 - コピー,5109,51,15880,1,banner030,TD001,リード獲得,,,,
2025-12-16,banner030_TD001_1080×1080_リード獲得,AT_IT_リード獲得,媒体ALL_性別男性_リード獲得 - コピー,5194,44,15960,,banner030,TD001,リード獲得,,,,
2025-12-16,banner051_TD001_1080x1350_リード獲得,AT_IT_リード獲得,媒体ALL_性別男性_リード獲得 - コピー,1458,20,7304,,banner051,TD001,リード獲得,,,,
2025-12-16,banner050_TD001_1080x1350_リード獲得,AT_IT_リード獲得,媒体ALL_性別男性_リード獲得 - コピー,307,4,1629,,banner050,TD001,リード獲得,,,,
2025-12-16,banner049_TD001_1080x1350_リード獲得,AT_IT_リード獲得,媒体ALL_性別男性_リード獲得 - コピー,985,8,3606,,banner049,TD001,リード獲得,,,,
2025-12-17,banner050_TD001_1080x1350_リード獲得,AT_IT_リード獲得,媒体ALL_性別男性_リード獲得 - コピー,363,4,2685,,banner050,TD001,リード獲得,,,,
2025-12-17,banner049_TD001_1080x1350_リード獲得,AT_IT_リード獲得,媒体ALL_性別男性_リード獲得 - コピー,880,5,3313,,banner049,TD001,リード獲得,,,,
2025-12-17,banner030_TD001_1080×1080_リード獲得,AT_IT_リード獲得,媒体ALL_性別男性_リード獲得 - コピー,4710,43,15264,1,banner030,TD001,リード獲得,,,,
2025-12-17,banner051_TD001_1080x1350_リード獲得,AT_IT_リード獲得,媒体ALL_性別男性_リード獲得 - コピー,1042,25,6487,1,banner051,TD001,リード獲得,,,,
2025-12-18,banner051_TD001_1080x1350_リード獲得,AT_IT_リード獲得,媒体ALL_性別男性_リード獲得 - コピー,1976,25,9903,1,banner051,TD001,リード獲得,,,,
2025-12-18,banner049_TD001_1080x1350_リード獲得,AT_IT_リード獲得,媒体ALL_性別男性_リード獲得 - コピー,971,12,3290,2,banner049,TD001,リード獲得,,,,
2025-12-18,banner050_TD001_1080x1350_リード獲得,AT_IT_リード獲得,媒体ALL_性別男性_リード獲得 - コピー,371,6,1900,1,banner050,TD001,リード獲得,,,,
2025-12-18,banner030_TD001_1080×1080_リード獲得,AT_IT_リード獲得,媒体ALL_性別男性_リード獲得 - コピー,5268,42,16044,,banner030,TD001,リード獲得,,,,
2025-12-19,banner049_TD001_1080x1350_リード獲得,AT_IT_リード獲得,媒体ALL_性別男性_リード獲得 - コピー,817,7,3775,1,banner049,TD001,リード獲得,,,,
2025-12-19,banner030_TD001_1080×1080_リード獲得,AT_IT_リード獲得,媒体ALL_性別男性_リード獲得 - コピー,4330,43,15208,1,banner030,TD001,リード獲得,,,,
2025-12-19,banner050_TD001_1080x1350_リード獲得,AT_IT_リード獲得,媒体ALL_性別男性_リード獲得 - コピー,275,4,1312,,banner050,TD001,リード獲得,,,,
2025-12-19,banner051_TD001_1080x1350_リード獲得,AT_IT_リード獲得,媒体ALL_性別男性_リード獲得 - コピー,2479,33,11847,3,banner051,TD001,リード獲得,,,,
2025-12-20,banner030_TD001_1080×1080_リード獲得,AT_IT_リード獲得,媒体ALL_性別男性_リード獲得 - コピー,5052,53,14370,1,banner030,TD001,リード獲得,,,,
2025-12-20,banner049_TD001_1080x1350_リード獲得,AT_IT_リード獲得,媒体ALL_性別男性_リード獲得 - コピー,1390,11,4223,,banner049,TD001,リード獲得,,,,
2025-12-20,banner050_TD001_1080x1350_リード獲得,AT_IT_リード獲得,媒体ALL_性別男性_リード獲得 - コピー,337,3,1714,,banner050,TD001,リード獲得,,,,
2025-12-20,banner051_TD001_1080x1350_リード獲得,AT_IT_リード獲得,媒体ALL_性別男性_リード獲得 - コピー,3097,34,10378,,banner051,TD001,リード獲得,,,,
2025-12-21,banner030_TD001_1080×1080_リード獲得,AT_IT_リード獲得,媒体ALL_性別男性_リード獲得 - コピー,6559,67,19311,4,banner030,TD001,リード獲得,,,,
2025-12-21,banner049_TD001_1080x1350_リード獲得,AT_IT_リード獲得,媒体ALL_性別男性_リード獲得 - コピー,1421,17,4792,,banner049,TD001,リード獲得,,,,
2025-12-21,banner050_TD001_1080x1350_リード獲得,AT_IT_リード獲得,媒体ALL_性別男性_リード獲得 - コピー,314,2,2081,,banner050,TD001,リード獲得,,,,
2025-12-21,banner051_TD001_1080x1350_リード獲得,AT_IT_リード獲得,媒体ALL_性別男性_リード獲得 - コピー,2884,24,11184,,banner051,TD001,リード獲得,,,,
2025-12-22,banner050_TD001_1080x1350_リード獲得,AT_IT_リード獲得,媒体ALL_性別男性_リード獲得 - コピー,312,3,2589,,banner050,TD001,リード獲得,,,,
2025-12-22,banner051_TD001_1080x1350_リード獲得,AT_IT_リード獲得,媒体ALL_性別男性_リード獲得 - コピー,2074,24,8422,,banner051,TD001,リード獲得,,,,
2025-12-22,banner049_TD001_1080x1350_リード獲得,AT_IT_リード獲得,媒体ALL_性別男性_リード獲得 - コピー,1514,21,4622,,banner049,TD001,リード獲得,,,,
2025-12-22,banner030_TD001_1080×1080_リード獲得,AT_IT_リード獲得,媒体ALL_性別男性_リード獲得 - コピー,8510,66,23019,1,banner030,TD001,リード獲得,,,,
2025-12-23,banner050_TD001_1080x1350_リード獲得,AT_IT_リード獲得,媒体ALL_性別男性_リード獲得 - コピー,176,2,1051,,banner050,TD001,リード獲得,,,,
2025-12-23,banner030_TD001_1080×1080_リード獲得,AT_IT_リード獲得,媒体ALL_性別男性_リード獲得 - コピー,5323,52,24060,3,banner030,TD001,リード獲得,,,,
2025-12-23,banner049_TD001_1080x1350_リード獲得,AT_IT_リード獲得,媒体ALL_性別男性_リード獲得 - コピー,899,4,3612,,banner049,TD001,リード獲得,,,,
2025-12-23,banner051_TD001_1080x1350_リード獲得,AT_IT_リード獲得,媒体ALL_性別男性_リード獲得 - コピー,1394,24,6936,2,banner051,TD001,リード獲得,,,,
2025-12-24,banner030_TD001_1080×1080_リード獲得,AT_IT_リード獲得,媒体ALL_性別男性_リード獲得 - コピー,4520,43,19810,2,banner030,TD001,リード獲得,,,,
2025-12-24,banner049_TD001_1080x1350_リード獲得,AT_IT_リード獲得,媒体ALL_性別男性_リード獲得 - コピー,677,10,3098,1,banner049,TD001,リード獲得,,,,
2025-12-24,banner050_TD001_1080x1350_リード獲得,AT_IT_リード獲得,媒体ALL_性別男性_リード獲得 - コピー,81,2,1188,,banner050,TD001,リード獲得,,,,
2025-12-24,banner051_TD001_1080x1350_リード獲得,AT_IT_リード獲得,媒体ALL_性別男性_リード獲得 - コピー,1349,7,7124,1,banner051,TD001,リード獲得,,,,
2025-12-25,banner049_TD001_1080x1350_リード獲得,AT_IT_リード獲得,媒体ALL_性別男性_リード獲得 - コピー,1475,11,4861,1,banner049,TD001,リード獲得,,,,
2025-12-25,banner030_TD001_1080×1080_リード獲得,AT_IT_リード獲得,媒体ALL_性別男性_リード獲得 - コピー,5201,54,19006,1,banner030,TD001,リード獲得,,,,
2025-12-25,banner051_TD001_1080x1350_リード獲得,AT_IT_リード獲得,媒体ALL_性別男性_リード獲得 - コピー,1539,20,6130,,banner051,TD001,リード獲得,,,,
2026-01-04,banner030_TD001_1080×1080_リード獲得,AT_IT_リード獲得,媒体ALL_性別男性_リード獲得 - コピー,4515,45,12653,2,banner030,TD001,リード獲得,,,,
2026-01-04,banner051_TD001_1080x1350_リード獲得,AT_IT_リード獲得,媒体ALL_性別男性_リード獲得 - コピー,810,7,3329,,banner051,TD001,リード獲得,,,,
2026-01-05,banner049_TD001_1080x1350_リード獲得,AT_IT_リード獲得,媒体ALL_性別男性_リード獲得 - コピー,475,7,1870,,banner049,TD001,リード獲得,,,,
2026-01-05,banner051_TD001_1080x1350_リード獲得,AT_IT_リード獲得,媒体ALL_性別男性_リード獲得 - コピー,800,8,2692,,banner051,TD001,リード獲得,,,,
2026-01-05,banner030_TD001_1080×1080_リード獲得,AT_IT_リード獲得,媒体ALL_性別男性_リード獲得 - コピー,3799,34,9902,,banner030,TD001,リード獲得,,,,
2026-01-06,banner030_TD001_1080×1080_リード獲得,AT_IT_リード獲得,媒体ALL_性別男性_リード獲得 - コピー,2947,26,8793,1,banner030,TD001,リード獲得,,,,
2026-01-06,banner049_TD001_1080x1350_リード獲得,AT_IT_リード獲得,媒体ALL_性別男性_リード獲得 - コピー,726,13,2503,,banner049,TD001,リード獲得,,,,
2026-01-06,banner051_TD001_1080x1350_リード獲得,AT_IT_リード獲得,媒体ALL_性別男性_リード獲得 - コピー,655,12,2862,,banner051,TD001,リード獲得,,,,
2026-01-07,banner030_TD001_1080×1080_リード獲得,AT_IT_リード獲得,媒体ALL_性別男性_リード獲得 - コピー,2624,29,8405,1,banner030,TD001,リード獲得,,,,
2026-01-07,banner049_TD001_1080x1350_リード獲得,AT_IT_リード獲得,媒体ALL_性別男性_リード獲得 - コピー,646,4,2695,,banner049,TD001,リード獲得,,,,
2026-01-07,banner051_TD001_1080x1350_リード獲得,AT_IT_リード獲得,媒体ALL_性別男性_リード獲得 - コピー,687,10,2720,,banner051,TD001,リード獲得,,,,
2026-01-08,banner051_TD001_1080x1350_リード獲得,AT_IT_リード獲得,媒体ALL_性別男性_リード獲得 - コピー,552,4,1638,,banner051,TD001,リード獲得,,,,
2026-01-08,banner030_TD001_1080×1080_リード獲得,AT_IT_リード獲得,媒体ALL_性別男性_リード獲得 - コピー,2649,34,9085,1,banner030,TD001,リード獲得,,,,
2026-01-08,banner049_TD001_1080x1350_リード獲得,AT_IT_リード獲得,媒体ALL_性別男性_リード獲得 - コピー,573,5,2175,,banner049,TD001,リード獲得,,,,
2026-01-09,banner030_TD001_1080×1080_リード獲得,AT_IT_リード獲得,媒体ALL_性別男性_リード獲得 - コピー,2469,11,7941,1,banner030,TD001,リード獲得,,,,
2026-01-09,banner049_TD001_1080x1350_リード獲得,AT_IT_リード獲得,媒体ALL_性別男性_リード獲得 - コピー,614,6,2943,,banner049,TD001,リード獲得,,,,
2026-01-09,banner051_TD001_1080x1350_リード獲得,AT_IT_リード獲得,媒体ALL_性別男性_リード獲得 - コピー,608,11,2771,1,banner051,TD001,リード獲得,,,,
2026-01-10,banner030_TD001_1080×1080_リード獲得,AT_IT_リード獲得,媒体ALL_性別男性_リード獲得 - コピー,2334,11,7135,,banner030,TD001,リード獲得,,,,
2026-01-10,banner049_TD001_1080x1350_リード獲得,AT_IT_リード獲得,媒体ALL_性別男性_リード獲得 - コピー,666,5,3225,2,banner049,TD001,リード獲得,,,,
2026-01-10,banner051_TD001_1080x1350_リード獲得,AT_IT_リード獲得,媒体ALL_性別男性_リード獲得 - コピー,815,16,2594,1,banner051,TD001,リード獲得,,,,
2026-01-11,banner030_TD001_1080×1080_リード獲得,AT_IT_リード獲得,媒体ALL_性別男性_リード獲得 - コピー,3564,32,12212,,banner030,TD001,リード獲得,,,,
2026-01-11,banner049_TD001_1080x1350_リード獲得,AT_IT_リード獲得,媒体ALL_性別男性_リード獲得 - コピー,918,10,2623,,banner049,TD001,リード獲得,,,,
2026-01-11,banner051_TD001_1080x1350_リード獲得,AT_IT_リード獲得,媒体ALL_性別男性_リード獲得 - コピー,448,5,1245,,banner051,TD001,リード獲得,,,,
2026-01-12,banner030_TD001_1080×1080_リード獲得,AT_IT_リード獲得,媒体ALL_性別男性_リード獲得 - コピー,1901,23,7262,1,banner030,TD001,リード獲得,,,,
2026-01-12,banner049_TD001_1080x1350_リード獲得,AT_IT_リード獲得,媒体ALL_性別男性_リード獲得 - コピー,636,4,3121,,banner049,TD001,リード獲得,,,,
2026-01-12,banner051_TD001_1080x1350_リード獲得,AT_IT_リード獲得,媒体ALL_性別男性_リード獲得 - コピー,873,7,3750,,banner051,TD001,リード獲得,,,,
2026-01-13,banner051_TD001_1080x1350_リード獲得,AT_IT_リード獲得,媒体ALL_性別男性_リード獲得 - コピー,828,8,2456,,banner051,TD001,リード獲得,,,,
2026-01-13,banner030_TD001_1080×1080_リード獲得,AT_IT_リード獲得,媒体ALL_性別男性_リード獲得 - コピー,3119,35,8887,1,banner030,TD001,リード獲得,,,,
2026-01-13,banner049_TD001_1080x1350_リード獲得,AT_IT_リード獲得,媒体ALL_性別男性_リード獲得 - コピー,639,3,3165,,banner049,TD001,リード獲得,,,,
2026-01-14,banner030_TD001_1080×1080_リード獲得,AT_IT_リード獲得,媒体ALL_性別男性_リード獲得 - コピー,2760,23,8259,,banner030,TD001,リード獲得,,,,
2026-01-14,banner049_TD001_1080x1350_リード獲得,AT_IT_リード獲得,媒体ALL_性別男性_リード獲得 - コピー,579,8,2359,1,banner049,TD001,リード獲得,,,,
2026-01-14,banner051_TD001_1080x1350_リード獲得,AT_IT_リード獲得,媒体ALL_性別男性_リード獲得 - コピー,733,11,3258,,banner051,TD001,リード獲得,,,,
2026-01-15,banner030_TD001_1080×1080_リード獲得,AT_IT_リード獲得,媒体ALL_性別男性_リード獲得 - コピー,2690,31,8156,,banner030,TD001,リード獲得,,,,
2026-01-15,banner049_TD001_1080x1350_リード獲得,AT_IT_リード獲得,媒体ALL_性別男性_リード獲得 - コピー,524,7,2380,,banner049,TD001,リード獲得,,,,
2026-01-15,banner051_TD001_1080x1350_リード獲得,AT_IT_リード獲得,媒体ALL_性別男性_リード獲得 - コピー,644,4,2307,,banner051,TD001,リード獲得,,,,
2026-01-16,banner030_TD001_1080×1080_リード獲得,AT_IT_リード獲得,媒体ALL_性別男性_リード獲得 - コピー,2759,25,8154,1,banner030,TD001,リード獲得,,,,
2026-01-16,banner049_TD001_1080x1350_リード獲得,AT_IT_リード獲得,媒体ALL_性別男性_リード獲得 - コピー,473,7,1928,,banner049,TD001,リード獲得,,,,
2026-01-16,banner051_TD001_1080x1350_リード獲得,AT_IT_リード獲得,媒体ALL_性別男性_リード獲得 - コピー,709,7,3432,,banner051,TD001,リード獲得,,,,
2026-01-17,banner051_TD001_1080x1350_リード獲得,AT_IT_リード獲得,媒体ALL_性別男性_リード獲得 - コピー,553,5,3318,,banner051,TD001,リード獲得,,,,
2026-01-17,banner030_TD001_1080×1080_リード獲得,AT_IT_リード獲得,媒体ALL_性別男性_リード獲得 - コピー,2191,31,7944,1,banner030,TD001,リード獲得,,,,
2026-01-17,banner049_TD001_1080x1350_リード獲得,AT_IT_リード獲得,媒体ALL_性別男性_リード獲得 - コピー,323,4,1720,,banner049,TD001,リード獲得,,,,
2026-01-18,banner051_TD001_1080x1350_リード獲得,AT_IT_リード獲得,媒体ALL_性別男性_リード獲得 - コピー,550,7,1801,1,banner051,TD001,リード獲得,,,,
2026-01-18,banner049_TD001_1080x1350_リード獲得,AT_IT_リード獲得,媒体ALL_性別男性_リード獲得 - コピー,416,3,2943,,banner049,TD001,リード獲得,,,,
2026-01-18,banner030_TD001_1080×1080_リード獲得,AT_IT_リード獲得,媒体ALL_性別男性_リード獲得 - コピー,3835,43,11129,3,banner030,TD001,リード獲得,,,,
2026-01-19,banner051_TD001_1080x1350_リード獲得,AT_IT_リード獲得,媒体ALL_性別男性_リード獲得 - コピー,761,7,2396,,banner051,TD001,リード獲得,,,,
2026-01-19,banner030_TD001_1080×1080_リード獲得,AT_IT_リード獲得,媒体ALL_性別男性_リード獲得 - コピー,2862,31,10200,2,banner030,TD001,リード獲得,,,,
2026-01-19,banner049_TD001_1080x1350_リード獲得,AT_IT_リード獲得,媒体ALL_性別男性_リード獲得 - コピー,532,5,2026,,banner049,TD001,リード獲得,,,,
2026-01-20,banner030_TD001_1080×1080_リード獲得,AT_IT_リード獲得,媒体ALL_性別男性_リード獲得 - コピー,2843,28,8211,,banner030,TD001,リード獲得,,,,
2026-01-20,banner049_TD001_1080x1350_リード獲得,AT_IT_リード獲得,媒体ALL_性別男性_リード獲得 - コピー,573,3,2884,,banner049,TD001,リード獲得,,,,
2026-01-20,banner051_TD001_1080x1350_リード獲得,AT_IT_リード獲得,媒体ALL_性別男性_リード獲得 - コピー,894,8,2407,1,banner051,TD001,リード獲得,,,,
2026-01-21,banner030_TD001_1080×1080_リード獲得,AT_IT_リード獲得,媒体ALL_性別男性_リード獲得 - コピー,2258,27,9966,2,banner030,TD001,リード獲得,,,,
2026-01-21,banner049_TD001_1080x1350_リード獲得,AT_IT_リード獲得,媒体ALL_性別男性_リード獲得 - コピー,333,5,3168,1,banner049,TD001,リード獲得,,,,
2026-01-21,banner051_TD001_1080x1350_リード獲得,AT_IT_リード獲得,媒体ALL_性別男性_リード獲得 - コピー,399,6,1820,,banner051,TD001,リード獲得,,,,
2026-01-22,banner030_TD001_1080×1080_リード獲得,AT_IT_リード獲得,媒体ALL_性別男性_リード獲得 - コピー,1874,27,9933,1,banner030,TD001,リード獲得,,,,
2026-01-22,banner049_TD001_1080x1350_リード獲得,AT_IT_リード獲得,媒体ALL_性別男性_リード獲得 - コピー,224,1,1814,1,banner049,TD001,リード獲得,,,,
2026-01-22,banner051_TD001_1080x1350_リード獲得,AT_IT_リード獲得,媒体ALL_性別男性_リード獲得 - コピー,132,,835,,banner051,TD001,リード獲得,,,,
2026-01-23,banner051_TD001_1080x1350_リード獲得,AT_IT_リード獲得,媒体ALL_性別男性_リード獲得 - コピー,26,,375,,banner051,TD001,リード獲得,,,,
2026-01-23,banner030_TD001_1080×1080_リード獲得,AT_IT_リード獲得,媒体ALL_性別男性_リード獲得 - コピー,2029,15,9465,3,banner030,TD001,リード獲得,,,,
2026-01-23,banner049_TD001_1080x1350_リード獲得,AT_IT_リード獲得,媒体ALL_性別男性_リード獲得 - コピー,565,10,3921,2,banner049,TD001,リード獲得,,,,
2026-01-24,banner049_TD001_1080x1350_リード獲得,AT_IT_リード獲得,媒体ALL_性別男性_リード獲得 - コピー,634,5,3700,,banner049,TD001,リード獲得,,,,
2026-01-24,banner030_TD001_1080×1080_リード獲得,AT_IT_リード獲得,媒体ALL_性別男性_リード獲得 - コピー,2269,33,8242,1,banner030,TD001,リード獲得,,,,
2026-01-24,banner051_TD001_1080x1350_リード獲得,AT_IT_リード獲得,媒体ALL_性別男性_リード獲得 - コピー,54,1,581,,banner051,TD001,リード獲得,,,,
2026-01-25,banner051_TD001_1080x1350_リード獲得,AT_IT_リード獲得,媒体ALL_性別男性_リード獲得 - コピー,65,,534,,banner051,TD001,リード獲得,,,,
2026-01-25,banner049_TD001_1080x1350_リード獲得,AT_IT_リード獲得,媒体ALL_性別男性_リード獲得 - コピー,403,1,1787,,banner049,TD001,リード獲得,,,,
2026-01-25,banner030_TD001_1080×1080_リード獲得,AT_IT_リード獲得,媒体ALL_性別男性_リード獲得 - コピー,3959,48,12564,2,banner030,TD001,リード獲得,,,,
2026-01-26,banner030_TD001_1080×1080_リード獲得,AT_IT_リード獲得,媒体ALL_性別男性_リード獲得 - コピー,2497,28,8171,,banner030,TD001,リード獲得,,,,
2026-01-26,banner049_TD001_1080x1350_リード獲得,AT_IT_リード獲得,媒体ALL_性別男性_リード獲得 - コピー,316,4,2426,,banner049,TD001,リード獲得,,,,
2026-01-26,banner051_TD001_1080x1350_リード獲得,AT_IT_リード獲得,媒体ALL_性別男性_リード獲得 - コピー,102,4,1345,1,banner051,TD001,リード獲得,,,,
2026-01-27,banner030_TD001_1080×1080_リード獲得,AT_IT_リード獲得,媒体ALL_性別男性_リード獲得 - コピー,3153,24,7901,,banner030,TD001,リード獲得,,,,
2026-01-27,banner049_TD001_1080x1350_リード獲得,AT_IT_リード獲得,媒体ALL_性別男性_リード獲得 - コピー,1109,8,4906,1,banner049,TD001,リード獲得,,,,
2026-01-27,banner051_TD001_1080x1350_リード獲得,AT_IT_リード獲得,媒体ALL_性別男性_リード獲得 - コピー,319,1,2229,,banner051,TD001,リード獲得,,,,
2026-01-28,banner030_TD001_1080×1080_リード獲得,AT_IT_リード獲得,媒体ALL_性別男性_リード獲得 - コピー,1852,17,7576,2,banner030,TD001,リード獲得,,,,
2026-01-28,banner049_TD001_1080x1350_リード獲得,AT_IT_リード獲得,媒体ALL_性別男性_リード獲得 - コピー,1176,12,6848,2,banner049,TD001,リード獲得,,,,
2026-01-28,banner051_TD001_1080x1350_リード獲得,AT_IT_リード獲得,媒体ALL_性別男性_リード獲得 - コピー,125,1,1175,,banner051,TD001,リード獲得,,,,
2026-01-29,banner051_TD001_1080x1350_リード獲得,AT_IT_リード獲得,媒体ALL_性別男性_リード獲得 - コピー,100,2,704,1,banner051,TD001,リード獲得,,,,
2026-01-29,banner049_TD001_1080x1350_リード獲得,AT_IT_リード獲得,媒体ALL_性別男性_リード獲得 - コピー,1067,8,4917,,banner049,TD001,リード獲得,,,,
2026-01-29,banner030_TD001_1080×1080_リード獲得,AT_IT_リード獲得,媒体ALL_性別男性_リード獲得 - コピー,2490,17,7723,1,banner030,TD001,リード獲得,,,,
2026-01-30,banner051_TD001_1080x1350_リード獲得,AT_IT_リード獲得,媒体ALL_性別男性_リード獲得 - コピー,263,4,1611,,banner051,TD001,リード獲得,,,,
2026-01-30,banner030_TD001_1080×1080_リード獲得,AT_IT_リード獲得,媒体ALL_性別男性_リード獲得 - コピー,2204,20,7369,,banner030,TD001,リード獲得,,,,
2026-01-30,banner049_TD001_1080x1350_リード獲得,AT_IT_リード獲得,媒体ALL_性別男性_リード獲得 - コピー,1027,12,4769,,banner049,TD001,リード獲得,,,,
2026-01-31,banner051_TD001_1080x1350_リード獲得,AT_IT_リード獲得,媒体ALL_性別男性_リード獲得 - コピー,231,2,1429,,banner051,TD001,リード獲得,,,,
2026-01-31,banner049_TD001_1080x1350_リード獲得,AT_IT_リード獲得,媒体ALL_性別男性_リード獲得 - コピー,1144,10,4712,,banner049,TD001,リード獲得,,,,
2026-01-31,banner030_TD001_1080×1080_リード獲得,AT_IT_リード獲得,媒体ALL_性別男性_リード獲得 - コピー,2428,22,7186,,banner030,TD001,リード獲得,,,,
2026-02-01,banner049_TD001_1080x1350_リード獲得,AT_IT_リード獲得,媒体ALL_性別男性_リード獲得 - コピー,969,14,4955,1,banner049,TD001,リード獲得,,,,
2026-02-01,banner030_TD001_1080×1080_リード獲得,AT_IT_リード獲得,媒体ALL_性別男性_リード獲得 - コピー,2934,35,10064,3,banner030,TD001,リード獲得,,,,
2026-02-01,banner051_TD001_1080x1350_リード獲得,AT_IT_リード獲得,媒体ALL_性別男性_リード獲得 - コピー,186,7,1127,,banner051,TD001,リード獲得,,,,
2026-02-02,banner030_TD001_1080×1080_リード獲得,AT_IT_リード獲得,媒体ALL_性別男性_リード獲得 - コピー,3385,45,9589,3,banner030,TD001,リード獲得,,,,
2026-02-02,banner049_TD001_1080x1350_リード獲得,AT_IT_リード獲得,媒体ALL_性別男性_リード獲得 - コピー,1219,4,4159,,banner049,TD001,リード獲得,,,,
2026-02-02,banner051_TD001_1080x1350_リード獲得,AT_IT_リード獲得,媒体ALL_性別男性_リード獲得 - コピー,198,2,1189,,banner051,TD001,リード獲得,,,,
2026-02-03,banner030_TD001_1080×1080_リード獲得,AT_IT_リード獲得,媒体ALL_性別男性_リード獲得 - コピー,3649,36,9650,2,banner030,TD001,リード獲得,,,,
2026-02-03,banner049_TD001_1080x1350_リード獲得,AT_IT_リード獲得,媒体ALL_性別男性_リード獲得 - コピー,665,1,2413,,banner049,TD001,リード獲得,,,,
2026-02-03,banner051_TD001_1080x1350_リード獲得,AT_IT_リード獲得,媒体ALL_性別男性_リード獲得 - コピー,143,1,1323,,banner051,TD001,リード獲得,,,,
2026-02-04,banner030_TD001_1080×1080_リード獲得,AT_IT_リード獲得,媒体ALL_性別男性_リード獲得 - コピー,3409,38,9939,1,banner030,TD001,リード獲得,,,,
2026-02-04,banner049_TD001_1080x1350_リード獲得,AT_IT_リード獲得,媒体ALL_性別男性_リード獲得 - コピー,577,9,2669,,banner049,TD001,リード獲得,,,,
2026-02-04,banner051_TD001_1080x1350_リード獲得,AT_IT_リード獲得,媒体ALL_性別男性_リード獲得 - コピー,142,4,730,1,banner051,TD001,リード獲得,,,,
2026-02-05,banner030_TD001_1080×1080_リード獲得,AT_IT_リード獲得,媒体ALL_性別男性_リード獲得 - コピー,3669,29,9879,1,banner030,TD001,リード獲得,,,,
2026-02-05,banner049_TD001_1080x1350_リード獲得,AT_IT_リード獲得,媒体ALL_性別男性_リード獲得 - コピー,719,4,2573,,banner049,TD001,リード獲得,,,,
2026-02-05,banner051_TD001_1080x1350_リード獲得,AT_IT_リード獲得,媒体ALL_性別男性_リード獲得 - コピー,181,4,824,,banner051,TD001,リード獲得,,,,
2026-02-06,banner030_TD001_1080×1080_リード獲得,AT_IT_リード獲得,媒体ALL_性別男性_リード獲得 - コピー,3197,28,9649,,banner030,TD001,リード獲得,,,,
2026-02-06,banner051_TD001_1080x1350_リード獲得,AT_IT_リード獲得,媒体ALL_性別男性_リード獲得 - コピー,126,3,635,,banner051,TD001,リード獲得,,,,
2026-02-06,banner049_TD001_1080x1350_リード獲得,AT_IT_リード獲得,媒体ALL_性別男性_リード獲得 - コピー,741,5,3187,1,banner049,TD001,リード獲得,,,,
2026-02-07,banner030_TD001_1080×1080_リード獲得,AT_IT_リード獲得,媒体ALL_性別男性_リード獲得 - コピー,3267,37,9220,1,banner030,TD001,リード獲得,,,,
2026-02-07,banner051_TD001_1080x1350_リード獲得,AT_IT_リード獲得,媒体ALL_性別男性_リード獲得 - コピー,147,3,852,,banner051,TD001,リード獲得,,,,
2026-02-07,banner049_TD001_1080x1350_リード獲得,AT_IT_リード獲得,媒体ALL_性別男性_リード獲得 - コピー,679,7,3216,1,banner049,TD001,リード獲得,,,,
2026-02-08,banner030_TD001_1080×1080_リード獲得,AT_IT_リード獲得,媒体ALL_性別男性_リード獲得 - コピー,4374,41,10997,2,banner030,TD001,リード獲得,,,,
2026-02-08,banner049_TD001_1080x1350_リード獲得,AT_IT_リード獲得,媒体ALL_性別男性_リード獲得 - コピー,750,9,2897,1,banner049,TD001,リード獲得,,,,
2026-02-08,banner051_TD001_1080x1350_リード獲得,AT_IT_リード獲得,媒体ALL_性別男性_リード獲得 - コピー,213,3,1317,,banner051,TD001,リード獲得,,,,
2026-02-09,banner030_TD001_1080×1080_リード獲得,AT_IT_リード獲得,媒体ALL_性別男性_リード獲得 - コピー,3575,28,10453,1,banner030,TD001,リード獲得,,,,
2026-02-09,banner051_TD001_1080x1350_リード獲得,AT_IT_リード獲得,媒体ALL_性別男性_リード獲得 - コピー,221,3,904,,banner051,TD001,リード獲得,,,,
2026-02-09,banner049_TD001_1080x1350_リード獲得,AT_IT_リード獲得,媒体ALL_性別男性_リード獲得 - コピー,790,4,3086,,banner049,TD001,リード獲得,,,,
2026-02-10,banner030_TD001_1080×1080_リード獲得,AT_IT_リード獲得,媒体ALL_性別男性_リード獲得 - コピー,3856,37,9618,,banner030,TD001,リード獲得,,,,
2026-02-10,banner049_TD001_1080x1350_リード獲得,AT_IT_リード獲得,媒体ALL_性別男性_リード獲得 - コピー,723,3,3477,,banner049,TD001,リード獲得,,,,
2026-02-10,banner051_TD001_1080x1350_リード獲得,AT_IT_リード獲得,媒体ALL_性別男性_リード獲得 - コピー,212,3,1104,,banner051,TD001,リード獲得,,,,
2026-02-11,banner030_TD001_1080×1080_リード獲得,AT_IT_リード獲得,媒体ALL_性別男性_リード獲得 - コピー,3438,36,8663,,banner030,TD001,リード獲得,,,,
2026-02-11,banner049_TD001_1080x1350_リード獲得,AT_IT_リード獲得,媒体ALL_性別男性_リード獲得 - コピー,901,12,3689,2,banner049,TD001,リード獲得,,,,
2026-02-11,banner051_TD001_1080x1350_リード獲得,AT_IT_リード獲得,媒体ALL_性別男性_リード獲得 - コピー,152,2,1025,,banner051,TD001,リード獲得,,,,
2026-02-12,banner030_TD001_1080×1080_リード獲得,AT_IT_リード獲得,媒体ALL_性別男性_リード獲得 - コピー,2936,24,8463,2,banner030,TD001,リード獲得,,,,
2026-02-12,banner049_TD001_1080x1350_リード獲得,AT_IT_リード獲得,媒体ALL_性別男性_リード獲得 - コピー,978,13,4323,1,banner049,TD001,リード獲得,,,,
2026-02-12,banner051_TD001_1080x1350_リード獲得,AT_IT_リード獲得,媒体ALL_性別男性_リード獲得 - コピー,107,2,720,,banner051,TD001,リード獲得,,,,
2026-02-13,banner051_TD001_1080x1350_リード獲得,AT_IT_リード獲得,媒体ALL_性別男性_リード獲得 - コピー,147,3,677,,banner051,TD001,リード獲得,,,,
2026-02-13,banner049_TD001_1080x1350_リード獲得,AT_IT_リード獲得,媒体ALL_性別男性_リード獲得 - コピー,948,8,3664,,banner049,TD001,リード獲得,,,,
2026-02-13,banner030_TD001_1080×1080_リード獲得,AT_IT_リード獲得,媒体ALL_性別男性_リード獲得 - コピー,3454,28,8828,,banner030,TD001,リード獲得,,,,
2026-02-14,banner051_TD001_1080x1350_リード獲得,AT_IT_リード獲得,媒体ALL_性別男性_リード獲得 - コピー,180,2,791,1,banner051,TD001,リード獲得,,,,
2026-02-14,banner049_TD001_1080x1350_リード獲得,AT_IT_リード獲得,媒体ALL_性別男性_リード獲得 - コピー,736,12,3772,,banner049,TD001,リード獲得,,,,
2026-02-14,banner030_TD001_1080×1080_リード獲得,AT_IT_リード獲得,媒体ALL_性別男性_リード獲得 - コピー,2848,28,9264,2,banner030,TD001,リード獲得,,,,
2026-02-15,banner051_TD001_1080x1350_リード獲得,AT_IT_リード獲得,媒体ALL_性別男性_リード獲得 - コピー,252,1,1727,,banner051,TD001,リード獲得,,,,
2026-02-15,banner030_TD001_1080×1080_リード獲得,AT_IT_リード獲得,媒体ALL_性別男性_リード獲得 - コピー,4639,30,10125,,banner030,TD001,リード獲得,,,,
2026-02-15,banner049_TD001_1080x1350_リード獲得,AT_IT_リード獲得,媒体ALL_性別男性_リード獲得 - コピー,837,6,3341,,banner049,TD001,リード獲得,,,,
2026-02-16,banner030_TD001_1080×1080_リード獲得,AT_IT_リード獲得,媒体ALL_性別男性_リード獲得 - コピー,2521,18,7561,,banner030,TD001,リード獲得,,,,
2026-02-16,banner049_TD001_1080x1350_リード獲得,AT_IT_リード獲得,媒体ALL_性別男性_リード獲得 - コピー,964,11,4498,1,banner049,TD001,リード獲得,,,,
2026-02-16,banner051_TD001_1080x1350_リード獲得,AT_IT_リード獲得,媒体ALL_性別男性_リード獲得 - コピー,197,,1057,,banner051,TD001,リード獲得,,,,
2026-02-17,banner049_TD001_1080x1350_リード獲得,AT_IT_リード獲得,媒体ALL_性別男性_リード獲得 - コピー,1237,6,6098,,banner049,TD001,リード獲得,,,,
2026-02-17,banner051_TD001_1080x1350_リード獲得,AT_IT_リード獲得,媒体ALL_性別男性_リード獲得 - コピー,200,4,1157,,banner051,TD001,リード獲得,,,,
2026-02-17,banner030_TD001_1080×1080_リード獲得,AT_IT_リード獲得,媒体ALL_性別男性_リード獲得 - コピー,2725,19,7838,,banner030,TD001,リード獲得,,,,
2026-02-18,banner030_TD001_1080×1080_リード獲得,AT_IT_リード獲得,媒体ALL_性別男性_リード獲得 - コピー,2490,22,8484,,banner030,TD001,リード獲得,,,,
2026-02-18,banner049_TD001_1080x1350_リード獲得,AT_IT_リード獲得,媒体ALL_性別男性_リード獲得 - コピー,937,8,3800,1,banner049,TD001,リード獲得,,,,
2026-02-18,banner051_TD001_1080x1350_リード獲得,AT_IT_リード獲得,媒体ALL_性別男性_リード獲得 - コピー,236,1,1583,,banner051,TD001,リード獲得,,,,
2026-02-19,banner030_TD001_1080×1080_リード獲得,AT_IT_リード獲得,媒体ALL_性別男性_リード獲得 - コピー,1835,22,6041,,banner030,TD001,リード獲得,,,,
2026-02-19,banner049_TD001_1080x1350_リード獲得,AT_IT_リード獲得,媒体ALL_性別男性_リード獲得 - コピー,1299,15,5855,1,banner049,TD001,リード獲得,,,,
2026-02-19,banner051_TD001_1080x1350_リード獲得,AT_IT_リード獲得,媒体ALL_性別男性_リード獲得 - コピー,248,5,1594,,banner051,TD001,リード獲得,,,,
2026-02-20,banner051_TD001_1080x1350_リード獲得,AT_IT_リード獲得,媒体ALL_性別男性_リード獲得 - コピー,185,5,1219,,banner051,TD001,リード獲得,,,,
2026-02-20,banner049_TD001_1080x1350_リード獲得,AT_IT_リード獲得,媒体ALL_性別男性_リード獲得 - コピー,943,6,4958,,banner049,TD001,リード獲得,,,,
2026-02-20,banner030_TD001_1080×1080_リード獲得,AT_IT_リード獲得,媒体ALL_性別男性_リード獲得 - コピー,2156,31,7136,3,banner030,TD001,リード獲得,,,,
2026-02-21,banner030_TD001_1080×1080_リード獲得,AT_IT_リード獲得,媒体ALL_性別男性_リード獲得 - コピー,3080,25,8639,,banner030,TD001,リード獲得,,,,
2026-02-21,banner049_TD001_1080x1350_リード獲得,AT_IT_リード獲得,媒体ALL_性別男性_リード獲得 - コピー,816,6,4009,,banner049,TD001,リード獲得,,,,
2026-02-21,banner051_TD001_1080x1350_リード獲得,AT_IT_リード獲得,媒体ALL_性別男性_リード獲得 - コピー,204,2,1016,,banner051,TD001,リード獲得,,,,
2026-02-22,banner030_TD001_1080×1080_リード獲得,AT_IT_リード獲得,媒体ALL_性別男性_リード獲得 - コピー,3229,35,8753,,banner030,TD001,リード獲得,,,,
2026-02-22,banner051_TD001_1080x1350_リード獲得,AT_IT_リード獲得,媒体ALL_性別男性_リード獲得 - コピー,291,10,1786,,banner051,TD001,リード獲得,,,,
2026-02-22,banner049_TD001_1080x1350_リード獲得,AT_IT_リード獲得,媒体ALL_性別男性_リード獲得 - コピー,806,5,3848,,banner049,TD001,リード獲得,,,,
2026-02-23,banner051_TD001_1080x1350_リード獲得,AT_IT_リード獲得,媒体ALL_性別男性_リード獲得 - コピー,271,7,2433,,banner051,TD001,リード獲得,,,,
2026-02-23,banner049_TD001_1080x1350_リード獲得,AT_IT_リード獲得,媒体ALL_性別男性_リード獲得 - コピー,727,6,4340,,banner049,TD001,リード獲得,,,,
2026-02-23,banner030_TD001_1080×1080_リード獲得,AT_IT_リード獲得,媒体ALL_性別男性_リード獲得 - コピー,2450,27,7844,2,banner030,TD001,リード獲得,,,,
2026-02-24,banner051_TD001_1080x1350_リード獲得,AT_IT_リード獲得,媒体ALL_性別男性_リード獲得 - コピー,248,4,1397,,banner051,TD001,リード獲得,,,,
2026-02-24,banner030_TD001_1080×1080_リード獲得,AT_IT_リード獲得,媒体ALL_性別男性_リード獲得 - コピー,3867,32,9479,1,banner030,TD001,リード獲得,,,,
2026-02-24,banner049_TD001_1080x1350_リード獲得,AT_IT_リード獲得,媒体ALL_性別男性_リード獲得 - コピー,668,9,3171,,banner049,TD001,リード獲得,,,,
2026-02-25,banner030_TD001_1080×1080_リード獲得,AT_IT_リード獲得,媒体ALL_性別男性_リード獲得 - コピー,2250,23,7253,,banner030,TD001,リード獲得,,,,
2026-02-25,banner049_TD001_1080x1350_リード獲得,AT_IT_リード獲得,媒体ALL_性別男性_リード獲得 - コピー,819,4,4114,,banner049,TD001,リード獲得,,,,
2026-02-25,banner051_TD001_1080x1350_リード獲得,AT_IT_リード獲得,媒体ALL_性別男性_リード獲得 - コピー,158,2,1029,,banner051,TD001,リード獲得,,,,
2026-02-26,banner030_TD001_1080×1080_リード獲得,AT_IT_リード獲得,媒体ALL_性別男性_リード獲得 - コピー,2348,23,8694,2,banner030,TD001,リード獲得,,,,
2026-02-26,banner049_TD001_1080x1350_リード獲得,AT_IT_リード獲得,媒体ALL_性別男性_リード獲得 - コピー,779,12,4769,1,banner049,TD001,リード獲得,,,,
2026-02-26,banner051_TD001_1080x1350_リード獲得,AT_IT_リード獲得,媒体ALL_性別男性_リード獲得 - コピー,65,,374,,banner051,TD001,リード獲得,,,,
2026-02-27,banner051_TD001_1080x1350_リード獲得,AT_IT_リード獲得,媒体ALL_性別男性_リード獲得 - コピー,85,1,548,,banner051,TD001,リード獲得,,,,
2026-02-27,banner030_TD001_1080×1080_リード獲得,AT_IT_リード獲得,媒体ALL_性別男性_リード獲得 - コピー,2453,30,9507,2,banner030,TD001,リード獲得,,,,
2026-02-27,banner049_TD001_1080x1350_リード獲得,AT_IT_リード獲得,媒体ALL_性別男性_リード獲得 - コピー,586,3,4086,1,banner049,TD001,リード獲得,,,,
2026-02-28,banner030_TD001_1080×1080_リード獲得,AT_IT_リード獲得,媒体ALL_性別男性_リード獲得 - コピー,3242,33,10501,,banner030,TD001,リード獲得,,,,
2026-02-28,banner049_TD001_1080x1350_リード獲得,AT_IT_リード獲得,媒体ALL_性別男性_リード獲得 - コピー,634,8,3036,,banner049,TD001,リード獲得,,,,
2026-02-28,banner051_TD001_1080x1350_リード獲得,AT_IT_リード獲得,媒体ALL_性別男性_リード獲得 - コピー,164,1,992,,banner051,TD001,リード獲得,,,,
2026-03-01,banner030_TD001_1080×1080_リード獲得,AT_IT_リード獲得,媒体ALL_性別男性_リード獲得 - コピー,3522,34,9739,,banner030,TD001,リード獲得,,,,
2026-03-01,banner049_TD001_1080x1350_リード獲得,AT_IT_リード獲得,媒体ALL_性別男性_リード獲得 - コピー,941,11,4843,,banner049,TD001,リード獲得,,,,
2026-03-01,banner051_TD001_1080x1350_リード獲得,AT_IT_リード獲得,媒体ALL_性別男性_リード獲得 - コピー,161,3,853,,banner051,TD001,リード獲得,,,,
2026-03-02,banner051_TD001_1080x1350_リード獲得,AT_IT_リード獲得,媒体ALL_性別男性_リード獲得 - コピー,155,3,906,,banner051,TD001,リード獲得,,,,
2026-03-02,banner049_TD001_1080x1350_リード獲得,AT_IT_リード獲得,媒体ALL_性別男性_リード獲得 - コピー,724,4,4122,,banner049,TD001,リード獲得,,,,
2026-03-02,banner030_TD001_1080×1080_リード獲得,AT_IT_リード獲得,媒体ALL_性別男性_リード獲得 - コピー,2904,31,9344,2,banner030,TD001,リード獲得,,,,
2026-03-03,banner030_TD001_1080×1080_リード獲得,AT_IT_リード獲得,媒体ALL_性別男性_リード獲得 - コピー,3535,25,9903,1,banner030,TD001,リード獲得,,,,
2026-03-03,banner049_TD001_1080x1350_リード獲得,AT_IT_リード獲得,媒体ALL_性別男性_リード獲得 - コピー,605,9,3340,,banner049,TD001,リード獲得,,,,
2026-03-03,banner051_TD001_1080x1350_リード獲得,AT_IT_リード獲得,媒体ALL_性別男性_リード獲得 - コピー,158,2,1089,,banner051,TD001,リード獲得,,,,
2026-03-04,banner030_TD001_1080×1080_リード獲得,AT_IT_リード獲得,媒体ALL_性別男性_リード獲得 - コピー,2445,21,9521,2,banner030,TD001,リード獲得,,,,
2026-03-04,banner049_TD001_1080x1350_リード獲得,AT_IT_リード獲得,媒体ALL_性別男性_リード獲得 - コピー,581,4,3781,1,banner049,TD001,リード獲得,,,,
2026-03-04,banner051_TD001_1080x1350_リード獲得,AT_IT_リード獲得,媒体ALL_性別男性_リード獲得 - コピー,125,3,881,,banner051,TD001,リード獲得,,,,
2026-03-05,banner051_TD001_1080x1350_リード獲得,AT_IT_リード獲得,媒体ALL_性別男性_リード獲得 - コピー,85,,595,,banner051,TD001,リード獲得,,,,
2026-03-05,banner030_TD001_1080×1080_リード獲得,AT_IT_リード獲得,媒体ALL_性別男性_リード獲得 - コピー,2666,19,7496,,banner030,TD001,リード獲得,,,,
2026-03-05,banner049_TD001_1080x1350_リード獲得,AT_IT_リード獲得,媒体ALL_性別男性_リード獲得 - コピー,670,7,3246,,banner049,TD001,リード獲得,,,,
2026-03-06,banner030_TD001_1080×1080_リード獲得,AT_IT_リード獲得,媒体ALL_性別男性_リード獲得 - コピー,4065,32,11103,,banner030,TD001,リード獲得,,,,
2026-03-06,banner049_TD001_1080x1350_リード獲得,AT_IT_リード獲得,媒体ALL_性別男性_リード獲得 - コピー,454,4,2717,1,banner049,TD001,リード獲得,,,,
2026-03-07,banner030_TD001_1080×1080_リード獲得,AT_IT_リード獲得,媒体ALL_性別男性_リード獲得 - コピー,4209,47,10417,,banner030,TD001,リード獲得,,,,
2026-03-07,banner049_TD001_1080x1350_リード獲得,AT_IT_リード獲得,媒体ALL_性別男性_リード獲得 - コピー,841,6,3832,,banner049,TD001,リード獲得,,,,
2026-03-08,banner030_TD001_1080×1080_リード獲得,AT_IT_リード獲得,媒体ALL_性別男性_リード獲得 - コピー,3629,20,10302,,banner030,TD001,リード獲得,,,,
2026-03-08,banner049_TD001_1080x1350_リード獲得,AT_IT_リード獲得,媒体ALL_性別男性_リード獲得 - コピー,822,8,3893,,banner049,TD001,リード獲得,,,,
2026-03-09,banner030_TD001_1080×1080_リード獲得,AT_IT_リード獲得,媒体ALL_性別男性_リード獲得 - コピー,2906,30,9086,1,banner030,TD001,リード獲得,,,,
2026-03-09,banner049_TD001_1080x1350_リード獲得,AT_IT_リード獲得,媒体ALL_性別男性_リード獲得 - コピー,970,5,5261,1,banner049,TD001,リード獲得,,,,
2026-03-10,banner030_TD001_1080×1080_リード獲得,AT_IT_リード獲得,媒体ALL_性別男性_リード獲得 - コピー,3101,25,9598,,banner030,TD001,リード獲得,,,,
2026-03-10,banner049_TD001_1080x1350_リード獲得,AT_IT_リード獲得,媒体ALL_性別男性_リード獲得 - コピー,1008,12,4449,,banner049,TD001,リード獲得,,,,
2026-03-11,banner030_TD001_1080×1080_リード獲得,AT_IT_リード獲得,媒体ALL_性別男性_リード獲得 - コピー,2654,24,7506,1,banner030,TD001,リード獲得,,,,
2026-03-11,banner049_TD001_1080x1350_リード獲得,AT_IT_リード獲得,媒体ALL_性別男性_リード獲得 - コピー,1508,14,6454,,banner049,TD001,リード獲得,,,,
2026-03-12,banner030_TD001_1080×1080_リード獲得,AT_IT_リード獲得,媒体ALL_性別男性_リード獲得 - コピー,2792,12,7674,,banner030,TD001,リード獲得,,,,
2026-03-12,banner049_TD001_1080x1350_リード獲得,AT_IT_リード獲得,媒体ALL_性別男性_リード獲得 - コピー,1608,12,6391,2,banner049,TD001,リード獲得,,,,
2026-03-13,banner049_TD001_1080x1350_リード獲得,AT_IT_リード獲得,媒体ALL_性別男性_リード獲得 - コピー,1476,13,6856,1,banner049,TD001,リード獲得,,,,
2026-03-13,banner030_TD001_1080×1080_リード獲得,AT_IT_リード獲得,関西_リード獲得,96,,311,,banner030,TD001,リード獲得,,,,
2026-03-13,banner030_TD001_1080×1080_リード獲得,AT_IT_リード獲得,中国・四国_リード獲得,130,1,373,,banner030,TD001,リード獲得,,,,
2026-03-13,banner049_TD001_1080x1350_リード獲得,AT_IT_リード獲得,関東_リード獲得,59,,265,,banner049,TD001,リード獲得,,,,
2026-03-13,banner030_TD001_1080×1080_リード獲得,AT_IT_リード獲得,九州_リード獲得,138,1,511,,banner030,TD001,リード獲得,,,,
2026-03-13,banner030_TD001_1080×1080_リード獲得,AT_IT_リード獲得,媒体ALL_性別男性_リード獲得 - コピー,2647,20,6472,,banner030,TD001,リード獲得,,,,
2026-03-13,banner030_TD001_1080×1080_リード獲得,AT_IT_リード獲得,中部_リード獲得,235,2,687,,banner030,TD001,リード獲得,,,,
2026-03-13,banner049_TD001_1080x1350_リード獲得,AT_IT_リード獲得,中国・四国_リード獲得,16,,40,,banner049,TD001,リード獲得,,,,
2026-03-13,banner049_TD001_1080x1350_リード獲得,AT_IT_リード獲得,九州_リード獲得,31,1,173,,banner049,TD001,リード獲得,,,,
2026-03-13,banner030_TD001_1080×1080_リード獲得,AT_IT_リード獲得,関東_リード獲得,127,1,378,,banner030,TD001,リード獲得,,,,
2026-03-13,banner049_TD001_1080x1350_リード獲得,AT_IT_リード獲得,中部_リード獲得,38,,196,,banner049,TD001,リード獲得,,,,
2026-03-13,banner049_TD001_1080x1350_リード獲得,AT_IT_リード獲得,関西_リード獲得,33,,255,,banner049,TD001,リード獲得,,,,
2026-03-14,banner030_TD001_1080×1080_リード獲得,AT_IT_リード獲得,媒体ALL_性別男性_リード獲得 - コピー,552,5,1474,,banner030,TD001,リード獲得,,,,
2026-03-14,banner049_TD001_1080x1350_リード獲得,AT_IT_リード獲得,中国・四国_リード獲得,145,1,497,,banner049,TD001,リード獲得,,,,
2026-03-14,banner030_TD001_1080×1080_リード獲得,AT_IT_リード獲得,関東_リード獲得,896,5,2602,,banner030,TD001,リード獲得,,,,
2026-03-14,banner049_TD001_1080x1350_リード獲得,AT_IT_リード獲得,中部_リード獲得,323,2,1113,,banner049,TD001,リード獲得,,,,
2026-03-14,banner049_TD001_1080x1350_リード獲得,AT_IT_リード獲得,関西_リード獲得,97,1,394,,banner049,TD001,リード獲得,,,,
2026-03-14,banner049_TD001_1080x1350_リード獲得,AT_IT_リード獲得,九州_リード獲得,139,1,578,,banner049,TD001,リード獲得,,,,
2026-03-14,banner030_TD001_1080×1080_リード獲得,AT_IT_リード獲得,中部_リード獲得,550,4,2028,,banner030,TD001,リード獲得,,,,
2026-03-14,banner030_TD001_1080×1080_リード獲得,AT_IT_リード獲得,中国・四国_リード獲得,468,9,1034,,banner030,TD001,リード獲得,,,,
2026-03-14,banner049_TD001_1080x1350_リード獲得,AT_IT_リード獲得,関東_リード獲得,194,2,1589,,banner049,TD001,リード獲得,,,,
2026-03-14,banner030_TD001_1080×1080_リード獲得,AT_IT_リード獲得,関西_リード獲得,360,6,871,,banner030,TD001,リード獲得,,,,
2026-03-14,banner049_TD001_1080x1350_リード獲得,AT_IT_リード獲得,東北_リード獲得,222,2,867,,banner049,TD001,リード獲得,,,,
2026-03-14,banner030_TD001_1080×1080_リード獲得,AT_IT_リード獲得,東北_リード獲得,518,1,1136,,banner030,TD001,リード獲得,,,,
2026-03-14,banner049_TD001_1080x1350_リード獲得,AT_IT_リード獲得,媒体ALL_性別男性_リード獲得 - コピー,480,6,1644,,banner049,TD001,リード獲得,,,,
2026-03-14,banner030_TD001_1080×1080_リード獲得,AT_IT_リード獲得,九州_リード獲得,388,3,1164,,banner030,TD001,リード獲得,,,,
2026-03-15,banner030_TD001_1080×1080_リード獲得,AT_IT_リード獲得,関東_リード獲得,671,4,2471,,banner030,TD001,リード獲得,,,,
2026-03-15,banner049_TD001_1080x1350_リード獲得,AT_IT_リード獲得,中国・四国_リード獲得,219,1,801,,banner049,TD001,リード獲得,,,,
2026-03-15,banner049_TD001_1080x1350_リード獲得,AT_IT_リード獲得,中部_リード獲得,376,5,1841,1,banner049,TD001,リード獲得,,,,
2026-03-15,banner049_TD001_1080x1350_リード獲得,AT_IT_リード獲得,関西_リード獲得,120,1,721,,banner049,TD001,リード獲得,,,,
2026-03-15,banner049_TD001_1080x1350_リード獲得,AT_IT_リード獲得,東北_リード獲得,264,,1071,,banner049,TD001,リード獲得,,,,
2026-03-15,banner030_TD001_1080×1080_リード獲得,AT_IT_リード獲得,関西_リード獲得,366,1,1217,,banner030,TD001,リード獲得,,,,
2026-03-15,banner049_TD001_1080x1350_リード獲得,AT_IT_リード獲得,関東_リード獲得,287,5,2007,,banner049,TD001,リード獲得,,,,
2026-03-15,banner030_TD001_1080×1080_リード獲得,AT_IT_リード獲得,九州_リード獲得,373,3,1423,1,banner030,TD001,リード獲得,,,,
2026-03-15,banner030_TD001_1080×1080_リード獲得,AT_IT_リード獲得,中国・四国_リード獲得,426,2,1298,,banner030,TD001,リード獲得,,,,
2026-03-15,banner030_TD001_1080×1080_リード獲得,AT_IT_リード獲得,中部_リード獲得,676,4,2639,,banner030,TD001,リード獲得,,,,
2026-03-15,banner049_TD001_1080x1350_リード獲得,AT_IT_リード獲得,九州_リード獲得,275,,1067,,banner049,TD001,リード獲得,,,,
2026-03-15,banner030_TD001_1080×1080_リード獲得,AT_IT_リード獲得,東北_リード獲得,305,4,932,,banner030,TD001,リード獲得,,,,
2026-03-16,banner049_TD001_1080x1350_リード獲得,AT_IT_リード獲得,九州_リード獲得,261,2,912,,banner049,TD001,リード獲得,,,,
2026-03-16,banner030_TD001_1080×1080_リード獲得,AT_IT_リード獲得,関東_リード獲得,130,1,420,,banner030,TD001,リード獲得,,,,
2026-03-16,banner049_TD001_1080x1350_リード獲得,AT_IT_リード獲得,中部_リード獲得,217,,921,,banner049,TD001,リード獲得,,,,
2026-03-16,banner049_TD001_1080x1350_リード獲得,AT_IT_リード獲得,関西_リード獲得,122,1,529,,banner049,TD001,リード獲得,,,,
2026-03-16,banner030_TD001_1080×1080_リード獲得,AT_IT_リード獲得,関西_リード獲得,282,5,1311,,banner030,TD001,リード獲得,,,,
2026-03-16,banner030_TD001_1080×1080_リード獲得,AT_IT_リード獲得,中部_リード獲得,607,4,2303,,banner030,TD001,リード獲得,,,,
2026-03-16,banner030_TD001_1080×1080_リード獲得,AT_IT_リード獲得,中国・四国_リード獲得,331,4,975,,banner030,TD001,リード獲得,,,,
2026-03-16,banner030_TD001_1080×1080_リード獲得,AT_IT_リード獲得,九州_リード獲得,373,3,1322,,banner030,TD001,リード獲得,,,,
2026-03-16,banner049_TD001_1080x1350_リード獲得,AT_IT_リード獲得,関東_リード獲得,58,,268,,banner049,TD001,リード獲得,,,,
2026-03-16,banner049_TD001_1080x1350_リード獲得,AT_IT_リード獲得,中国・四国_リード獲得,156,2,634,,banner049,TD001,リード獲得,,,,
2026-03-16,banner030_TD001_1080×1080_リード獲得,AT_IT_リード獲得,東北_リード獲得,238,,608,,banner030,TD001,リード獲得,,,,
2026-03-16,banner049_TD001_1080x1350_リード獲得,AT_IT_リード獲得,東北_リード獲得,231,4,1011,,banner049,TD001,リード獲得,,,,
2026-03-17,banner049_TD001_1080x1350_リード獲得,AT_IT_リード獲得,中部_リード獲得,259,2,1124,,banner049,TD001,リード獲得,,,,
2026-03-17,banner030_TD001_1080×1080_リード獲得,AT_IT_リード獲得,東北_リード獲得,285,,948,,banner030,TD001,リード獲得,,,,
2026-03-17,banner049_TD001_1080x1350_リード獲得,AT_IT_リード獲得,東北_リード獲得,198,2,903,1,banner049,TD001,リード獲得,,,,
2026-03-17,banner030_TD001_1080×1080_リード獲得,AT_IT_リード獲得,関西_リード獲得,311,4,1322,1,banner030,TD001,リード獲得,,,,
2026-03-17,banner030_TD001_1080×1080_リード獲得,AT_IT_リード獲得,九州_リード獲得,366,3,962,,banner030,TD001,リード獲得,,,,
2026-03-17,banner030_TD001_1080×1080_リード獲得,AT_IT_リード獲得,中国・四国_リード獲得,371,3,1195,,banner030,TD001,リード獲得,,,,
2026-03-17,banner030_TD001_1080×1080_リード獲得,AT_IT_リード獲得,中部_リード獲得,599,8,2430,1,banner030,TD001,リード獲得,,,,
2026-03-17,banner049_TD001_1080x1350_リード獲得,AT_IT_リード獲得,九州_リード獲得,231,2,1141,,banner049,TD001,リード獲得,,,,
2026-03-17,banner049_TD001_1080x1350_リード獲得,AT_IT_リード獲得,関西_リード獲得,87,1,368,,banner049,TD001,リード獲得,,,,
2026-03-17,banner049_TD001_1080x1350_リード獲得,AT_IT_リード獲得,中国・四国_リード獲得,166,2,663,,banner049,TD001,リード獲得,,,,
2026-03-18,banner030_TD001_1080×1080_リード獲得,AT_IT_リード獲得,中国・四国_リード獲得,373,1,813,,banner030,TD001,リード獲得,,,,
2026-03-18,banner049_TD001_1080x1350_リード獲得,AT_IT_リード獲得,関西_リード獲得,101,,294,,banner049,TD001,リード獲得,,,,
2026-03-18,banner049_TD001_1080x1350_リード獲得,AT_IT_リード獲得,九州_リード獲得,261,,924,,banner049,TD001,リード獲得,,,,
2026-03-18,banner030_TD001_1080×1080_リード獲得,AT_IT_リード獲得,中部_リード獲得,523,4,1956,,banner030,TD001,リード獲得,,,,
2026-03-18,banner030_TD001_1080×1080_リード獲得,AT_IT_リード獲得,東北_リード獲得,248,1,696,,banner030,TD001,リード獲得,,,,
2026-03-18,banner030_TD001_1080×1080_リード獲得,AT_IT_リード獲得,九州_リード獲得,331,1,962,,banner030,TD001,リード獲得,,,,
2026-03-18,banner030_TD001_1080×1080_リード獲得,AT_IT_リード獲得,関西_リード獲得,313,4,834,,banner030,TD001,リード獲得,,,,
2026-03-18,banner049_TD001_1080x1350_リード獲得,AT_IT_リード獲得,東北_リード獲得,273,1,892,,banner049,TD001,リード獲得,,,,
2026-03-18,banner049_TD001_1080x1350_リード獲得,AT_IT_リード獲得,中国・四国_リード獲得,224,4,670,,banner049,TD001,リード獲得,,,,
2026-03-18,banner049_TD001_1080x1350_リード獲得,AT_IT_リード獲得,中部_リード獲得,270,4,1191,,banner049,TD001,リード獲得,,,,
2026-03-19,banner030_TD001_1080×1080_リード獲得,AT_IT_リード獲得,中国・四国_リード獲得,376,4,958,,banner030,TD001,リード獲得,,,,
2026-03-19,banner030_TD001_1080×1080_リード獲得,AT_IT_リード獲得,中部_リード獲得,605,4,1989,,banner030,TD001,リード獲得,,,,
2026-03-19,banner030_TD001_1080×1080_リード獲得,AT_IT_リード獲得,九州_リード獲得,321,4,1188,,banner030,TD001,リード獲得,,,,
2026-03-19,banner049_TD001_1080x1350_リード獲得,AT_IT_リード獲得,中部_リード獲得,233,1,1030,,banner049,TD001,リード獲得,,,,
2026-03-19,banner049_TD001_1080x1350_リード獲得,AT_IT_リード獲得,中国・四国_リード獲得,128,,296,,banner049,TD001,リード獲得,,,,
2026-03-19,banner030_TD001_1080×1080_リード獲得,AT_IT_リード獲得,東北_リード獲得,212,2,568,,banner030,TD001,リード獲得,,,,
2026-03-19,banner049_TD001_1080x1350_リード獲得,AT_IT_リード獲得,関西_リード獲得,91,,192,,banner049,TD001,リード獲得,,,,
2026-03-19,banner049_TD001_1080x1350_リード獲得,AT_IT_リード獲得,東北_リード獲得,193,1,590,,banner049,TD001,リード獲得,,,,
2026-03-19,banner030_TD001_1080×1080_リード獲得,AT_IT_リード獲得,関西_リード獲得,360,4,997,,banner030,TD001,リード獲得,,,,
2026-03-19,banner049_TD001_1080x1350_リード獲得,AT_IT_リード獲得,九州_リード獲得,136,2,491,,banner049,TD001,リード獲得,,,,
2026-03-20,banner049_TD001_1080x1350_リード獲得,AT_IT_リード獲得,中国・四国_リード獲得,132,,355,,banner049,TD001,リード獲得,,,,
2026-03-20,banner049_TD001_1080x1350_リード獲得,AT_IT_リード獲得,中部_リード獲得,269,3,1225,,banner049,TD001,リード獲得,,,,
2026-03-20,banner049_TD001_1080x1350_リード獲得,AT_IT_リード獲得,関西_リード獲得,41,2,239,,banner049,TD001,リード獲得,,,,
2026-03-20,banner030_TD001_1080×1080_リード獲得,AT_IT_リード獲得,中部_リード獲得,510,4,1359,,banner030,TD001,リード獲得,,,,
2026-03-20,banner049_TD001_1080x1350_リード獲得,AT_IT_リード獲得,九州_リード獲得,169,3,625,,banner049,TD001,リード獲得,,,,
2026-03-20,banner030_TD001_1080×1080_リード獲得,AT_IT_リード獲得,中国・四国_リード獲得,441,3,982,,banner030,TD001,リード獲得,,,,
2026-03-20,banner030_TD001_1080×1080_リード獲得,AT_IT_リード獲得,九州_リード獲得,408,4,1252,,banner030,TD001,リード獲得,,,,
2026-03-20,banner030_TD001_1080×1080_リード獲得,AT_IT_リード獲得,関西_リード獲得,391,5,1084,,banner030,TD001,リード獲得,,,,
2026-03-20,banner049_TD001_1080x1350_リード獲得,AT_IT_リード獲得,東北_リード獲得,213,,695,,banner049,TD001,リード獲得,,,,
2026-03-20,banner030_TD001_1080×1080_リード獲得,AT_IT_リード獲得,東北_リード獲得,231,1,850,,banner030,TD001,リード獲得,,,,
2026-03-21,banner030_TD001_1080×1080_リード獲得,AT_IT_リード獲得,東北_リード獲得,198,4,493,1,banner030,TD001,リード獲得,,,,
2026-03-21,banner049_TD001_1080x1350_リード獲得,AT_IT_リード獲得,東北_リード獲得,277,,927,,banner049,TD001,リード獲得,,,,
2026-03-21,banner049_TD001_1080x1350_リード獲得,AT_IT_リード獲得,九州_リード獲得,191,1,1068,,banner049,TD001,リード獲得,,,,
2026-03-21,banner030_TD001_1080×1080_リード獲得,AT_IT_リード獲得,九州_リード獲得,242,2,650,,banner030,TD001,リード獲得,,,,
2026-03-21,banner030_TD001_1080×1080_リード獲得,AT_IT_リード獲得,中国・四国_リード獲得,384,4,989,2,banner030,TD001,リード獲得,,,,
2026-03-21,banner030_TD001_1080×1080_リード獲得,AT_IT_リード獲得,中部_リード獲得,480,3,1767,,banner030,TD001,リード獲得,,,,
2026-03-21,banner030_TD001_1080×1080_リード獲得,AT_IT_リード獲得,関西_リード獲得,414,2,1164,,banner030,TD001,リード獲得,,,,
2026-03-21,banner049_TD001_1080x1350_リード獲得,AT_IT_リード獲得,関西_リード獲得,83,,210,,banner049,TD001,リード獲得,,,,
2026-03-21,banner049_TD001_1080x1350_リード獲得,AT_IT_リード獲得,中国・四国_リード獲得,185,1,552,,banner049,TD001,リード獲得,,,,
2026-03-21,banner049_TD001_1080x1350_リード獲得,AT_IT_リード獲得,中部_リード獲得,395,2,1292,,banner049,TD001,リード獲得,,,,
2026-03-22,banner030_TD001_1080×1080_リード獲得,AT_IT_リード獲得,中部_リード獲得,935,7,2378,,banner030,TD001,リード獲得,,,,
2026-03-22,banner049_TD001_1080x1350_リード獲得,AT_IT_リード獲得,中国・四国_リード獲得,193,1,526,,banner049,TD001,リード獲得,,,,
2026-03-22,banner049_TD001_1080x1350_リード獲得,AT_IT_リード獲得,関西_リード獲得,70,,188,,banner049,TD001,リード獲得,,,,
2026-03-22,banner049_TD001_1080x1350_リード獲得,AT_IT_リード獲得,九州_リード獲得,243,1,953,,banner049,TD001,リード獲得,,,,
2026-03-22,banner049_TD001_1080x1350_リード獲得,AT_IT_リード獲得,中部_リード獲得,401,2,1502,,banner049,TD001,リード獲得,,,,
2026-03-22,banner030_TD001_1080×1080_リード獲得,AT_IT_リード獲得,中国・四国_リード獲得,550,5,1355,,banner030,TD001,リード獲得,,,,
2026-03-22,banner030_TD001_1080×1080_リード獲得,AT_IT_リード獲得,九州_リード獲得,494,4,1448,,banner030,TD001,リード獲得,,,,
2026-03-22,banner030_TD001_1080×1080_リード獲得,AT_IT_リード獲得,関西_リード獲得,478,6,1777,,banner030,TD001,リード獲得,,,,
2026-03-22,banner049_TD001_1080x1350_リード獲得,AT_IT_リード獲得,東北_リード獲得,301,2,858,,banner049,TD001,リード獲得,,,,
2026-03-22,banner030_TD001_1080×1080_リード獲得,AT_IT_リード獲得,東北_リード獲得,479,2,1057,,banner030,TD001,リード獲得,,,,
2026-03-23,banner049_TD001_1080x1350_リード獲得,AT_IT_リード獲得,東北_リード獲得,254,1,785,,banner049,TD001,リード獲得,,,,
2026-03-23,banner030_TD001_1080×1080_リード獲得,AT_IT_リード獲得,関西_リード獲得,410,2,1383,,banner030,TD001,リード獲得,,,,
2026-03-23,banner030_TD001_1080×1080_リード獲得,AT_IT_リード獲得,九州_リード獲得,402,,1124,,banner030,TD001,リード獲得,,,,
2026-03-23,banner030_TD001_1080×1080_リード獲得,AT_IT_リード獲得,中国・四国_リード獲得,368,5,1315,,banner030,TD001,リード獲得,,,,
2026-03-23,banner030_TD001_1080×1080_リード獲得,AT_IT_リード獲得,中部_リード獲得,666,4,1973,,banner030,TD001,リード獲得,,,,
2026-03-23,banner049_TD001_1080x1350_リード獲得,AT_IT_リード獲得,九州_リード獲得,183,,1073,,banner049,TD001,リード獲得,,,,
2026-03-23,banner049_TD001_1080x1350_リード獲得,AT_IT_リード獲得,関西_リード獲得,63,1,358,,banner049,TD001,リード獲得,,,,
2026-03-23,banner049_TD001_1080x1350_リード獲得,AT_IT_リード獲得,中部_リード獲得,294,,1170,,banner049,TD001,リード獲得,,,,
2026-03-23,banner049_TD001_1080x1350_リード獲得,AT_IT_リード獲得,中国・四国_リード獲得,136,,285,,banner049,TD001,リード獲得,,,,
2026-03-23,banner030_TD001_1080×1080_リード獲得,AT_IT_リード獲得,東北_リード獲得,348,,819,,banner030,TD001,リード獲得,,,,
2026-03-24,banner049_TD001_1080x1350_リード獲得,AT_IT_リード獲得,中部_リード獲得,449,3,1741,,banner049,TD001,リード獲得,,,,
2026-03-24,banner049_TD001_1080x1350_リード獲得,AT_IT_リード獲得,関西_リード獲得,136,,542,,banner049,TD001,リード獲得,,,,
2026-03-24,banner049_TD001_1080x1350_リード獲得,AT_IT_リード獲得,東北_リード獲得,238,1,841,,banner049,TD001,リード獲得,,,,
2026-03-24,banner030_TD001_1080×1080_リード獲得,AT_IT_リード獲得,関西_リード獲得,364,4,1020,,banner030,TD001,リード獲得,,,,
2026-03-24,banner030_TD001_1080×1080_リード獲得,AT_IT_リード獲得,九州_リード獲得,308,5,918,,banner030,TD001,リード獲得,,,,
2026-03-24,banner030_TD001_1080×1080_リード獲得,AT_IT_リード獲得,中国・四国_リード獲得,437,3,1088,,banner030,TD001,リード獲得,,,,
2026-03-24,banner030_TD001_1080×1080_リード獲得,AT_IT_リード獲得,中部_リード獲得,568,5,1934,,banner030,TD001,リード獲得,,,,
2026-03-24,banner049_TD001_1080x1350_リード獲得,AT_IT_リード獲得,九州_リード獲得,265,1,1247,,banner049,TD001,リード獲得,,,,
2026-03-24,banner030_TD001_1080×1080_リード獲得,AT_IT_リード獲得,東北_リード獲得,282,4,716,,banner030,TD001,リード獲得,,,,
2026-03-24,banner049_TD001_1080x1350_リード獲得,AT_IT_リード獲得,中国・四国_リード獲得,184,1,489,,banner049,TD001,リード獲得,,,,
2026-03-24,banner030_TD001_1080×1080_リード獲得,AT_IT_リード獲得,関東_リード獲得 - コピー,567,6,2528,,banner030,TD001,リード獲得,,,,
2026-03-24,banner049_TD001_1080x1350_リード獲得,AT_IT_リード獲得,関東_リード獲得 - コピー,224,3,1194,1,banner049,TD001,リード獲得,,,,
2026-03-25,banner049_TD001_1080x1350_リード獲得,AT_IT_リード獲得,中部_リード獲得,363,4,1498,,banner049,TD001,リード獲得,,,,
2026-03-25,banner049_TD001_1080x1350_リード獲得,AT_IT_リード獲得,関西_リード獲得,127,1,489,,banner049,TD001,リード獲得,,,,
2026-03-25,banner030_TD001_1080×1080_リード獲得,AT_IT_リード獲得,中国・四国_リード獲得,461,3,1188,,banner030,TD001,リード獲得,,,,
2026-03-25,banner049_TD001_1080x1350_リード獲得,AT_IT_リード獲得,中国・四国_リード獲得,154,,552,,banner049,TD001,リード獲得,,,,
2026-03-25,banner030_TD001_1080×1080_リード獲得,AT_IT_リード獲得,関東_リード獲得 - コピー,667,6,2836,,banner030,TD001,リード獲得,,,,
2026-03-25,banner049_TD001_1080x1350_リード獲得,AT_IT_リード獲得,九州_リード獲得,229,3,972,,banner049,TD001,リード獲得,,,,
2026-03-25,banner030_TD001_1080×1080_リード獲得,AT_IT_リード獲得,東北_リード獲得,415,1,1200,,banner030,TD001,リード獲得,,,,
2026-03-25,banner030_TD001_1080×1080_リード獲得,AT_IT_リード獲得,中部_リード獲得,659,6,2041,,banner030,TD001,リード獲得,,,,
2026-03-25,banner030_TD001_1080×1080_リード獲得,AT_IT_リード獲得,九州_リード獲得,374,1,1157,,banner030,TD001,リード獲得,,,,
2026-03-25,banner030_TD001_1080×1080_リード獲得,AT_IT_リード獲得,関西_リード獲得,300,1,991,,banner030,TD001,リード獲得,,,,
2026-03-25,banner049_TD001_1080x1350_リード獲得,AT_IT_リード獲得,東北_リード獲得,166,4,481,,banner049,TD001,リード獲得,,,,
2026-03-25,banner049_TD001_1080x1350_リード獲得,AT_IT_リード獲得,関東_リード獲得 - コピー,228,3,1176,1,banner049,TD001,リード獲得,,,,
2026-03-26,banner049_TD001_1080x1350_リード獲得,AT_IT_リード獲得,中部_リード獲得,181,,641,,banner049,TD001,リード獲得,,,,
2026-03-26,banner049_TD001_1080x1350_リード獲得,AT_IT_リード獲得,関東_リード獲得 - コピー,130,2,686,,banner049,TD001,リード獲得,,,,
2026-03-26,banner030_TD001_1080×1080_リード獲得,AT_IT_リード獲得,関東_リード獲得 - コピー,265,5,1201,,banner030,TD001,リード獲得,,,,
2026-03-26,banner049_TD001_1080x1350_リード獲得,AT_IT_リード獲得,中国・四国_リード獲得,108,1,244,,banner049,TD001,リード獲得,,,,
2026-03-26,banner030_TD001_1080×1080_リード獲得,AT_IT_リード獲得,東北_リード獲得,199,2,486,,banner030,TD001,リード獲得,,,,
2026-03-26,banner049_TD001_1080x1350_リード獲得,AT_IT_リード獲得,関西_リード獲得,51,2,661,,banner049,TD001,リード獲得,,,,
2026-03-26,banner049_TD001_1080x1350_リード獲得,AT_IT_リード獲得,九州_リード獲得,83,1,334,,banner049,TD001,リード獲得,,,,
2026-03-26,banner030_TD001_1080×1080_リード獲得,AT_IT_リード獲得,中部_リード獲得,354,1,1287,,banner030,TD001,リード獲得,,,,
2026-03-26,banner030_TD001_1080×1080_リード獲得,AT_IT_リード獲得,中国・四国_リード獲得,241,,528,,banner030,TD001,リード獲得,,,,
2026-03-26,banner030_TD001_1080×1080_リード獲得,AT_IT_リード獲得,九州_リード獲得,163,1,558,1,banner030,TD001,リード獲得,,,,
2026-03-26,banner030_TD001_1080×1080_リード獲得,AT_IT_リード獲得,関西_リード獲得,147,1,355,,banner030,TD001,リード獲得,,,,
2026-03-26,banner049_TD001_1080x1350_リード獲得,AT_IT_リード獲得,東北_リード獲得,155,2,491,,banner049,TD001,リード獲得,,,,